time,open,high,low,close,volume,return,volatility,rsi,vol_change,sentiment,target
2025-10-06 07:00:00,123947.91,124035.89,123280.49,123390.47,749.33011,-0.004497292814158116,0.003140200112841426,54.49408821558384,0.4196274314500297,-0.004497292814158116,1
2025-10-06 08:00:00,123390.47,123880.0,123390.46,123846.55,556.77898,0.003696233590811282,0.0030871063797891373,60.310466624753936,-0.2569643571376038,0.003696233590811282,1
2025-10-06 09:00:00,123846.56,124056.73,123779.31,123955.3,791.39727,0.0008781027812241327,0.003047299384464128,67.89801292140412,0.42138496320389107,0.0008781027812241327,1
2025-10-06 10:00:00,123955.29,124142.85,123899.42,123978.0,459.97878,0.00018313053173191207,0.0030048541377315488,67.11382682290201,-0.4187763877426568,0.00018313053173191207,1
2025-10-06 11:00:00,123978.0,124531.66,123735.73,124215.0,960.05678,0.0019116294826502234,0.0024995348927472254,68.89032491115508,1.0871762388691062,0.0019116294826502234,1
2025-10-06 12:00:00,124215.0,124691.81,124178.0,124556.64,977.10945,0.0027503924646781197,0.0026317130255326033,67.52053208079354,0.01776214735965942,0.0027503924646781197,1
2025-10-06 13:00:00,124556.65,125079.85,124385.74,125031.33,1406.49106,0.0038110372919499813,0.0026693825826308516,69.38882797338134,0.43944064812800665,0.0038110372919499813,0
2025-10-06 14:00:00,125031.34,125330.0,124339.38,124530.0,1331.91784,-0.0040096350250773405,0.002965792103208038,63.560295624811765,-0.05302075649169069,-0.0040096350250773405,1
2025-10-06 15:00:00,124529.99,125408.29,124513.35,125000.0,852.17645,0.0037741909580020216,0.0030961723270975672,61.64256921459285,-0.3601884257365304,0.0037741909580020216,1
2025-10-06 16:00:00,125000.0,125499.63,124800.0,125455.24,911.48586,0.003641919999999965,0.0031496630426753255,64.86485291333827,0.06959756984601007,0.003641919999999965,0
2025-10-06 17:00:00,125455.25,125819.2,125126.67,125284.0,1451.39316,-0.001364948965065227,0.002631740700592794,66.33563742327908,0.5923375487141402,-0.001364948965065227,1
2025-10-06 18:00:00,125284.01,126199.63,125044.46,126011.18,1439.873253,0.005804252737779736,0.0028959475243851398,74.8513572086544,-0.00793713744661717,0.005804252737779736,0
2025-10-06 19:00:00,126011.18,126134.71,125252.74,125410.81,919.42008,-0.00476441852222953,0.0035564793587765393,66.63288093246206,-0.3614576296320715,-0.00476441852222953,0
2025-10-06 20:00:00,125410.8,125534.0,125032.01,125211.02,512.32035,-0.0015930843601120737,0.0036544566168054213,61.86375726957279,-0.4427788111828056,-0.0015930843601120737,0
2025-10-06 21:00:00,125211.03,125268.5,124511.15,125097.85,907.58302,-0.0009038341832851016,0.00368441974646399,67.49658754115556,0.7715146782672211,-0.0009038341832851016,0
2025-10-06 22:00:00,125097.86,125298.43,124784.41,125039.13,416.67058,-0.0004693925595044002,0.0036269844147515124,63.304639632808524,-0.5409008643639015,-0.0004693925595044002,0
2025-10-06 23:00:00,125039.13,125100.0,124628.0,124658.54,364.0631,-0.0030437671791223586,0.003556204823575084,57.396826865866714,-0.12625676619645176,-0.0030437671791223586,1
2025-10-07 00:00:00,124658.54,124925.14,124600.0,124900.93,399.28672,0.0019444315648169397,0.003357668507078329,59.278755768077794,0.09675141479595162,0.0019444315648169397,0
2025-10-07 01:00:00,124900.93,125082.27,124442.87,124699.99,470.23469,-0.0016087950666179296,0.0031652378067908854,54.91150003326351,0.17768677605906857,-0.0016087950666179296,0
2025-10-07 02:00:00,124699.99,124700.0,124159.22,124259.9,524.92821,-0.003529190339149224,0.002996967352948024,47.053660435078264,0.11631111264887761,-0.003529190339149224,1
2025-10-07 03:00:00,124259.91,124568.44,124101.26,124329.74,379.16017,0.0005620477724512796,0.0030293045229988734,42.424890247750724,-0.2776913818367659,0.0005620477724512796,1
2025-10-07 04:00:00,124329.74,124654.47,124109.1,124500.0,438.34342,0.0013694229554408466,0.0021619661145790055,49.651148187436895,0.15609036677032817,0.0013694229554408466,0
2025-10-07 05:00:00,124499.99,124640.76,124240.37,124414.17,424.20697,-0.0006893975903614624,0.0017635742107258625,42.519377370144085,-0.03224971416247102,-0.0006893975903614624,0
2025-10-07 06:00:00,124414.17,124460.0,123800.0,123890.84,862.57843,-0.004206353665342166,0.002062985489265671,30.365184474783632,1.033390516897919,-0.004206353665342166,0
2025-10-07 07:00:00,123890.84,124038.0,123567.6,123667.99,730.09708,-0.001798760909200281,0.002074955904793738,29.976829766830733,-0.15358759898505692,-0.001798760909200281,1
2025-10-07 08:00:00,123668.0,123999.98,123322.9,123861.75,1172.93284,0.0015667756870634264,0.002242015631313967,19.310780055492202,0.6065436667682604,0.0015667756870634264,1
2025-10-07 09:00:00,123861.75,124246.64,123861.74,124117.48,423.70195,0.0020646406174624765,0.0022916870951236114,29.518352764423454,-0.6387670840557247,0.0020646406174624765,1
2025-10-07 10:00:00,124117.48,124413.75,124020.0,124282.19,385.65308,0.0013270491795354111,0.0022279671633579274,35.12543999266809,-0.08980102640547205,0.0013270491795354111,1
2025-10-07 11:00:00,124282.18,124509.6,124179.99,124453.38,462.44628,0.0013774298634421367,0.0022618526488895523,39.86755674886468,0.19912507894400844,0.0013774298634421367,1
2025-10-07 12:00:00,124453.37,125126.0,124340.0,124917.99,747.53263,0.0037332051568226277,0.0022383707338698993,48.31098791990332,0.6164745232678703,0.0037332051568226277,0
2025-10-07 13:00:00,124918.0,125046.16,123288.0,123891.68,1734.891,-0.008215870268165615,0.003557268056849719,40.93940224569618,1.3208231057418858,-0.008215870268165615,0
2025-10-07 14:00:00,123891.68,124000.0,122568.0,122725.36,2078.9177,-0.009414030062389944,0.004490979050841051,28.90159956700859,0.1982987403819605,-0.009414030062389944,0
2025-10-07 15:00:00,122725.36,122865.36,121172.89,121846.01,2798.67322,-0.0071651857448208345,0.00482733183616215,25.54086435448383,0.34621645676497925,-0.0071651857448208345,0
2025-10-07 16:00:00,121846.01,122084.14,120800.02,121684.17,2051.61019,-0.0013282338912862235,0.004771488802481502,26.819992332449274,-0.26693471201328756,-0.0013282338912862235,0
2025-10-07 17:00:00,121684.17,121822.58,121100.0,121130.02,1241.13249,-0.00455400238173953,0.004851235300547023,23.513304107067015,-0.39504468439006923,-0.00455400238173953,0
2025-10-07 18:00:00,121130.02,121306.13,120574.94,120895.37,1099.60495,-0.0019371746161687131,0.004683759305690014,20.476261460516568,-0.11403096860352113,-0.0019371746161687131,1
2025-10-07 19:00:00,120895.37,122027.3,120860.46,121637.17,1334.54837,0.006135884277454151,0.005257804243773066,29.461882081411062,0.21366166094468753,0.006135884277454151,1
2025-10-07 20:00:00,121637.18,122196.48,121637.18,121943.61,493.62814,0.0025192957054163134,0.005354364168227681,35.12136081817633,-0.6301159620014373,0.0025192957054163134,1
2025-10-07 21:00:00,121943.61,122292.62,121765.9,122016.0,397.91117,0.0005936350416393399,0.005306828903004336,37.08020177522868,-0.19390501116893366,0.0005936350416393399,0
2025-10-07 22:00:00,122016.0,122173.5,121797.6,122011.17,404.31119,-3.958497246259185e-05,0.004980957134915268,35.0863591819102,0.016084042074013594,-3.958497246259185e-05,0
2025-10-07 23:00:00,122011.17,122022.88,121258.08,121332.95,577.66296,-0.0055586713904964835,0.004695389327009096,28.99041922125349,0.428758278988024,-0.0055586713904964835,1
2025-10-08 00:00:00,121332.96,122089.68,121276.0,121914.09,651.73891,0.004789630516689902,0.004365292820567955,33.18884490653953,0.12823385802683296,0.004789630516689902,1
2025-10-08 01:00:00,121914.09,122056.0,121605.75,121950.01,519.56378,0.0002946337047669001,0.0037185433816183454,31.880566939282232,-0.20280380375018592,0.0002946337047669001,1
2025-10-08 02:00:00,121950.0,122229.66,121825.74,122048.28,534.11266,0.0008058219921425192,0.0036891296808667234,28.0657878846109,0.028002105920470477,0.0008058219921425192,0
2025-10-08 03:00:00,122048.28,122048.28,121200.0,121374.75,701.35291,-0.00551855380510069,0.003839818230631859,29.66560831165485,0.3131179290900912,-0.00551855380510069,1
2025-10-08 04:00:00,121374.76,121910.24,121066.14,121900.0,712.4618,0.004327506338839049,0.003960017003200217,42.56134886376248,0.015839229924917708,0.004327506338839049,0
2025-10-08 05:00:00,121900.01,121900.01,121173.86,121374.01,708.85271,-0.004314930270713724,0.0037805823435599828,45.45666311144722,-0.005065661064214355,-0.004314930270713724,1
2025-10-08 06:00:00,121374.02,121841.54,121068.96,121784.29,552.19718,0.003380295336703476,0.003858647846358657,50.919737049875785,-0.2209987036658151,0.003380295336703476,0
2025-10-08 07:00:00,121784.3,121872.37,121311.91,121597.06,697.34775,-0.0015373904138209493,0.00387342687174163,54.60052719284215,0.26286003488826215,-0.0015373904138209493,1
2025-10-08 08:00:00,121597.05,122850.0,121524.01,122381.85,1462.35304,0.006454021174525204,0.004432773857612803,63.210619116527916,1.0970212351011384,0.006454021174525204,1
2025-10-08 09:00:00,122381.84,122644.0,122381.84,122516.98,474.15682,0.0011041669986193714,0.0039237965174218105,58.76407784962319,-0.675757626899726,0.0011041669986193714,1
2025-10-08 10:00:00,122516.99,123100.0,122498.05,122934.6,654.29848,0.0034086703736904145,0.0037970160038612397,59.65766120449402,0.379920001994277,0.0034086703736904145,0
2025-10-08 11:00:00,122934.61,123200.0,122743.36,122884.14,817.9321,-0.00041046214816664595,0.003814782476643194,58.496748658000506,0.25009017291313285,-0.00041046214816664595,0
2025-10-08 12:00:00,122884.14,123090.75,122542.27,122631.52,464.2609,-0.0020557575615535173,0.0039177283373040975,55.79068226142672,-0.4323967722993143,-0.0020557575615535173,0
2025-10-08 13:00:00,122631.52,122774.96,121649.68,122599.04,886.89853,-0.0002648584964127787,0.0033318316754834525,63.438420110580225,0.9103450882897959,-0.0002648584964127787,0
2025-10-08 14:00:00,122599.04,123350.0,122112.16,122320.0,1462.74459,-0.0022760373980089676,0.003254567629118814,54.60360521779782,0.6492806567172908,-0.0022760373980089676,0
2025-10-08 15:00:00,122319.99,122622.55,121954.34,122189.72,559.46428,-0.001065075212557165,0.0028775488202545537,52.661687730378624,-0.6175242869980466,-0.001065075212557165,1
2025-10-08 16:00:00,122189.72,123129.23,122110.08,123051.03,641.94768,0.007048956327913691,0.003439872289710656,59.520965588589206,0.14743282627444954,0.007048956327913691,1
2025-10-08 17:00:00,123051.02,124164.36,122958.05,124033.19,1336.46427,0.007981729206167687,0.003929460293124758,73.84405091610687,1.081889711011963,0.007981729206167687,0
2025-10-08 18:00:00,124033.19,124197.25,123415.58,123460.22,1152.35838,-0.004619489347972072,0.004089521495371855,63.87513428508769,-0.13775593866044777,-0.004619489347972072,0
2025-10-08 19:00:00,123460.21,123759.94,123160.82,123450.0,664.75988,-8.277970021441927e-05,0.004099671953346354,70.32657800979038,-0.423130953410518,-8.277970021441927e-05,0
2025-10-08 20:00:00,123450.01,123737.0,122814.0,122856.69,673.60553,-0.004806075334143345,0.004328073053346024,60.13683402572556,0.013306534082652588,-0.004806075334143345,1
2025-10-08 21:00:00,122856.7,123332.01,122794.4,123277.33,261.93729,0.0034238265738724127,0.0044608860094306445,65.2114871726366,-0.6111414198158379,0.0034238265738724127,0
2025-10-08 22:00:00,123277.34,123416.73,123200.81,123200.82,132.25319,-0.0006206331691317457,0.004398306597841254,58.504802949100366,-0.4950959827063952,-0.0006206331691317457,1
2025-10-08 23:00:00,123200.82,123537.11,123056.31,123306.0,289.55534,0.0008537280839526762,0.004391704785590336,58.245067714258646,1.1894015562119904,0.0008537280839526762,0
2025-10-09 00:00:00,123306.01,123348.32,122839.15,122839.15,383.1891,-0.0037861093539649504,0.004524907484785115,49.012728510024395,0.32337086237124835,-0.0037861093539649504,0
2025-10-09 01:00:00,122839.16,122857.32,122339.41,122548.23,649.56359,-0.0023683003342175324,0.004591124328776442,46.69020926227978,0.695151532233041,-0.0023683003342175324,0
2025-10-09 02:00:00,122548.23,122548.23,121475.98,121617.81,831.85568,-0.007592276118553509,0.004534823542457153,41.18863965471542,0.2806377894426011,-0.007592276118553509,1
2025-10-09 03:00:00,121617.81,122120.28,121603.59,122038.01,454.57002,0.0034550860601749722,0.0036628093175834183,45.43135923221036,-0.45354701430902056,0.0034550860601749722,1
2025-10-09 04:00:00,122038.01,122264.0,121904.81,122144.7,328.47326,0.0008742358221016655,0.0035728780749305668,48.531250104617286,-0.2773978803089566,0.0008742358221016655,0
2025-10-09 05:00:00,122144.7,122196.99,121823.94,122100.92,394.74775,-0.0003584273406869176,0.0035655145868042446,49.24504689539316,0.20176525175900162,-0.0003584273406869176,0
2025-10-09 06:00:00,122100.92,122185.98,121883.43,121957.32,336.40438,-0.0011760763145763908,0.00332189140431443,39.409115997917766,-0.1477991198176557,-0.0011760763145763908,0
2025-10-09 07:00:00,121957.32,122067.61,121724.71,121906.1,391.52251,-0.00041998299077083967,0.002994121943529603,24.87200266500291,0.16384486432667744,-0.00041998299077083967,0
2025-10-09 08:00:00,121906.09,121960.97,121145.49,121261.62,951.24212,-0.005286691970295299,0.003260449766636905,24.458761808647964,1.429597521736362,-0.005286691970295299,1
2025-10-09 09:00:00,121261.62,121855.44,121261.62,121813.04,495.55613,0.0045473580181429885,0.003740700237151799,33.10747499587964,-0.4790431168039532,0.0045473580181429885,1
2025-10-09 10:00:00,121813.04,122340.0,121650.22,122170.27,462.62367,0.002932608856982988,0.003829147349357147,42.55370850080586,-0.06645555973649242,0.002932608856982988,1
2025-10-09 11:00:00,122170.26,122833.02,122170.26,122737.57,780.01914,0.0046435192457214836,0.004090101711743637,44.32524496391348,0.6860770223884134,0.0046435192457214836,1
2025-10-09 12:00:00,122737.56,123762.94,122709.1,123563.38,1483.31285,0.0067282576964819985,0.0035440311880926513,53.29294654034509,0.9016364777920707,0.0067282576964819985,0
2025-10-09 13:00:00,123563.38,123658.38,122277.76,122415.74,1233.13253,-0.009287865061638811,0.004850592075523103,43.20158959969753,-0.1686632189561359,-0.009287865061638811,0
2025-10-09 14:00:00,122415.74,122608.0,120736.96,121315.0,2613.44219,-0.008991817555487613,0.005660948225143897,39.388285095551595,1.1193522402656915,-0.008991817555487613,0
2025-10-09 15:00:00,121315.01,121734.27,120673.99,121147.14,1236.17443,-0.0013836706095701201,0.0056640237125109875,40.07500293968444,-0.526993772913722,-0.0013836706095701201,0
2025-10-09 16:00:00,121147.15,121481.9,119707.29,119819.77,2831.42858,-0.010956676319391456,0.006521579354873387,37.941260894804174,1.290476579425769,-0.010956676319391456,1
2025-10-09 17:00:00,119819.76,121046.15,119651.47,120974.0,1671.39797,0.009633051373742374,0.007456743366220618,43.503712739733494,-0.40969799421887587,0.009633051373742374,0
2025-10-09 18:00:00,120971.22,121100.0,120396.0,120649.32,956.31004,-0.0026838824871459055,0.007324748142860876,41.10672077791661,-0.4278382185662222,-0.0026838824871459055,1
2025-10-09 19:00:00,120649.33,121108.12,120649.32,120951.72,714.9231,0.0025064376657903953,0.007196353711871085,43.36947465830673,-0.25241493856950403,0.0025064376657903953,1
2025-10-09 20:00:00,120951.72,121199.97,120838.0,121109.09,743.67096,0.0013010976611163017,0.007123323138016004,45.11374175516206,0.04021112200738797,0.0013010976611163017,1
2025-10-09 21:00:00,121109.08,121512.7,121065.77,121461.02,436.22306,0.0029058925304450423,0.006994478538603431,47.52195321835792,-0.4134192627341533,0.0029058925304450423,1
2025-10-09 22:00:00,121461.03,121768.01,121411.55,121686.19,467.98367,0.0018538457852568246,0.006550009593416778,52.479631825077895,0.07280818671071643,0.0018538457852568246,0
2025-10-09 23:00:00,121686.19,121900.0,121341.22,121662.4,711.59334,-0.00019550287505931685,0.005954417283899611,49.06242842481418,0.5205516465991218,-0.00019550287505931685,1
2025-10-10 00:00:00,121662.41,121863.74,121595.75,121745.27,292.90359,0.0006811471744763153,0.005174505813506498,47.26130148100289,-0.5883834578890241,0.0006811471744763153,0
2025-10-10 01:00:00,121745.26,121874.13,121489.06,121623.97,353.28358,-0.0009963426094500294,0.005161385330717408,42.386328208244635,0.206142881348774,-0.0009963426094500294,0
2025-10-10 02:00:00,121623.96,121651.33,120900.0,121059.73,812.25118,-0.004639217088539427,0.0038315310636680006,32.24762074929886,1.2991478403836374,-0.004639217088539427,0
2025-10-10 03:00:00,121059.73,121575.99,120909.15,121026.01,636.2431,-0.0002785401883846905,0.00236016407932269,38.297345591699006,-0.21669168889357593,-0.0002785401883846905,1
2025-10-10 04:00:00,121026.0,121388.58,121018.33,121234.51,480.17378,0.001722770171469712,0.0021998806740105054,49.202347470743014,-0.24529825156453566,0.001722770171469712,1
2025-10-10 05:00:00,121234.52,121604.49,120986.08,121583.89,503.29572,0.0028818527001923666,0.0022410068105644288,54.17786663336008,0.04815327484145415,0.0028818527001923666,0
2025-10-10 06:00:00,121583.89,121754.34,121265.26,121378.18,687.86577,-0.0016919182302853608,0.0023239766752407853,68.98051051181116,0.3667228682175163,-0.0016919182302853608,0
2025-10-10 07:00:00,121378.19,121388.61,120855.41,120932.05,895.21452,-0.0036755370693479783,0.002410518087589756,49.382577953929214,0.3014378081351541,-0.0036755370693479783,1
2025-10-10 08:00:00,120932.05,121660.43,120916.44,121631.54,433.113,0.005784157301558901,0.0030583196823825405,63.01988335077329,-0.5161908231783372,0.005784157301558901,0
2025-10-10 09:00:00,121631.54,121777.07,121276.56,121314.73,473.35018,-0.0026046698085052666,0.003164900898084233,54.793590762551474,0.09290226799934431,-0.0026046698085052666,1
2025-10-10 10:00:00,121314.73,121543.59,121228.83,121496.33,289.70624,0.0014969328126930304,0.0032027622459815056,55.08103625617454,-0.3879663466062272,0.0014969328126930304,1
2025-10-10 11:00:00,121496.34,121661.62,121424.5,121554.55,357.66752,0.0004791914290744881,0.0031959826260062056,51.329710855570426,0.23458686978920462,0.0004791914290744881,1
2025-10-10 12:00:00,121554.55,121682.42,121420.0,121597.21,288.32785,0.0003509535430801236,0.0027600995018867715,48.665734970195395,-0.19386627558465475,0.0003509535430801236,1
2025-10-10 13:00:00,121597.22,122550.0,121384.6,121684.2,1452.77007,0.0007153947035460906,0.002748962136963219,50.320812804049794,4.038604734159395,0.0007153947035460906,0
2025-10-10 14:00:00,121684.18,122069.76,120479.2,120493.17,1335.80488,-0.009787877144279977,0.004218528648489272,36.10562433130207,-0.08051183901386416,-0.009787877144279977,0
2025-10-10 15:00:00,120493.16,120626.55,118500.0,119018.98,4690.68973,-0.012234635373938652,0.0053789581492026005,27.768077054964863,2.51150815529286,-0.012234635373938652,0
2025-10-10 16:00:00,119018.99,119456.28,118205.6,118205.61,2074.44286,-0.006833952030172008,0.005575996736772205,26.63544975271408,-0.557753128131116,-0.006833952030172008,0
2025-10-10 17:00:00,118205.61,118427.51,117579.79,117623.8,2197.93519,-0.0049220168145995835,0.005615731626191763,24.44211067184972,0.059530359876964756,-0.0049220168145995835,0
2025-10-10 18:00:00,117623.8,117851.5,117237.0,117237.7,1448.7532,-0.0032824989500425117,0.004748763254373659,20.75571925907687,-0.34085717968781415,-0.0032824989500425117,0
2025-10-10 19:00:00,117237.7,117341.92,115952.47,116661.5,2733.41302,-0.0049148012968524,0.004747785414402663,15.140411681609933,0.886734759239876,-0.0049148012968524,0
2025-10-10 20:00:00,116661.5,117214.64,113039.0,114266.82,4454.56036,-0.020526737612665658,0.006683181765628709,11.557223913627624,0.6296696940442614,-0.020526737612665658,0
2025-10-10 21:00:00,114266.82,115112.69,102000.0,113451.86,22932.63034,-0.007132079110979128,0.006271948467235751,11.114033838232643,4.148124278643739,-0.007132079110979128,1
2025-10-10 22:00:00,113451.87,114109.03,110879.69,113700.0,9370.17448,0.0021871831806019593,0.0065280665567940864,6.7374950364038995,-0.591404285462354,0.0021871831806019593,0
2025-10-10 23:00:00,113700.0,114807.41,112652.76,112774.5,4977.36911,-0.008139841688654337,0.005993135197930239,6.317970016716529,-0.4688072115814006,-0.008139841688654337,0
2025-10-11 00:00:00,112774.49,113178.66,111620.3,112514.58,3620.32878,-0.002304776345716464,0.006149021721367432,4.424803907533629,-0.27264209264158834,-0.002304776345716464,0
2025-10-11 01:00:00,112514.57,112530.01,111019.43,111095.37,2796.42603,-0.012613565281939465,0.006187211187000216,3.3686855536767837,-0.22757677549937871,-0.012613565281939465,1
2025-10-11 02:00:00,111095.38,113297.92,111082.0,113196.48,2926.55879,0.01891266935786784,0.01022998407810968,18.35456532366642,0.04653538430980775,0.01891266935786784,0
2025-10-11 03:00:00,113196.48,113322.39,111800.0,112300.01,2190.21309,-0.007919592552701249,0.010294805383359267,16.681827122500493,-0.2516080327913043,-0.007919592552701249,1
2025-10-11 04:00:00,112300.0,112991.16,111700.0,112945.79,1446.73937,0.00575048924750754,0.010804340742062567,22.124050041934822,-0.33945268768346193,0.00575048924750754,0
2025-10-11 05:00:00,112945.79,112945.79,111992.85,112389.48,1256.8701,-0.004925460258412451,0.010804477705629135,23.733236341018838,-0.13123944363247675,-0.004925460258412451,0
2025-10-11 06:00:00,112389.48,112753.91,112000.0,112045.99,1208.64004,-0.0030562469014002724,0.009045421502298862,24.651101921997537,-0.03837314611907794,-0.0030562469014002724,0
2025-10-11 07:00:00,112046.0,112084.61,110090.29,110384.61,3230.51321,-0.014827661391541125,0.009830978044139868,22.639454239634375,1.6728497344833952,-0.014827661391541125,1
2025-10-11 08:00:00,110384.6,111535.29,110162.23,111328.38,1981.19694,0.008549833169678278,0.010372927362515489,28.56910753087712,-0.386723776932025,0.008549833169678278,1
2025-10-11 09:00:00,111328.38,111887.19,111274.41,111642.78,1627.2836,0.0028240777419019647,0.010237137775174886,31.446671083107546,-0.17863612286822939,0.0028240777419019647,1
2025-10-11 10:00:00,111642.78,112271.34,111621.77,112114.64,1350.7519,0.00422651603623625,0.010349610957964718,40.725201037676115,-0.16993454613565817,0.00422651603623625,1
2025-10-11 11:00:00,112114.63,112359.67,111700.0,112280.0,969.90748,0.0014749188865967877,0.009404079272376974,44.65036018510274,-0.28194994210261703,0.0014749188865967877,1
2025-10-11 12:00:00,112280.01,112466.66,112037.98,112380.14,997.55713,0.0008918774492341353,0.007041480191501812,43.89219506320263,0.028507512902158583,0.0008918774492341353,0
2025-10-11 13:00:00,112380.13,112500.0,111890.33,112267.86,973.48531,-0.0009991089172873835,0.0065780375226230006,47.46463987310543,-0.02413076833003036,-0.0009991089172873835,0
2025-10-11 14:00:00,112267.86,112342.11,111890.29,111991.97,1058.55252,-0.0024574263729619794,0.006285079603148704,47.3888952729553,0.08738417429226542,-0.0024574263729619794,0
2025-10-11 15:00:00,111991.97,112385.93,111793.2,111793.2,651.64855,-0.0017748593939369561,0.006134117115857882,53.97080463084081,-0.38439658147523936,-0.0017748593939369561,1
2025-10-11 16:00:00,111793.21,112089.92,111442.91,111846.18,834.57688,0.00047391075664715565,0.006072881310330571,39.98127285237903,0.2807162388376372,0.00047391075664715565,1
2025-10-11 17:00:00,111846.18,112185.53,111715.99,112005.57,678.72551,0.0014250821977113137,0.003213414082532355,47.54706921245876,-0.18674297567409248,0.0014250821977113137,0
2025-10-11 18:00:00,112005.56,112025.4,111836.45,111955.27,292.78948,-0.000449084808907263,0.002062300759639753,40.83924000048625,-0.5686187189280685,-0.000449084808907263,0
2025-10-11 19:00:00,111955.27,112025.4,110865.82,111178.31,1332.81972,-0.006939914485490584,0.0029802495626566772,39.2378136011834,3.5521434718214593,-0.006939914485490584,0
2025-10-11 20:00:00,111178.3,111368.29,109653.65,110244.98,1752.53778,-0.008394892852751634,0.003435069465737471,35.514998849812486,0.31490985142386707,-0.008394892852751634,1
2025-10-11 21:00:00,110244.98,111000.0,109561.59,110893.54,1099.41658,0.0058828982507865835,0.004102217366713831,54.88980570662724,-0.3726716807211996,0.0058828982507865835,1
2025-10-11 22:00:00,110893.55,111291.61,110652.0,111043.27,571.096,0.0013502139078616082,0.004131069601105202,46.76742366678654,-0.4805463093889306,0.0013502139078616082,0
2025-10-11 23:00:00,111043.26,111114.46,110644.0,110644.4,599.88173,-0.0035920231815941284,0.004198694263118799,38.89311635304572,0.05040436283917238,-0.0035920231815941284,0
2025-10-12 00:00:00,110644.4,110685.63,109565.06,109641.54,1171.55172,-0.009063811634389074,0.0048452000595170935,25.394096413761474,0.9529711631657793,-0.009063811634389074,1
2025-10-12 01:00:00,109641.54,110318.01,109641.46,109978.56,1205.41028,0.003073834971672351,0.005117242378193889,27.858335834663094,0.028900610550936845,0.003073834971672351,1
2025-10-12 02:00:00,109978.56,110708.89,109600.0,110119.02,1047.04823,0.0012771580206178967,0.00515994719590883,28.413716729599344,-0.13137605728731627,0.0012771580206178967,1
2025-10-12 03:00:00,110119.02,111368.14,110002.2,110676.0,1361.57401,0.005057981809136969,0.0055082719674612235,35.99232678050312,0.30039282908677456,0.005057981809136969,1
2025-10-12 04:00:00,110676.0,111957.14,110617.1,111524.87,887.82401,0.007669865192092118,0.006184746922496747,46.266234804247446,-0.3479428929463776,0.007669865192092118,1
2025-10-12 05:00:00,111524.87,111816.04,111188.0,111700.38,537.50918,0.001573729698138182,0.005750262413086632,49.25527374014507,-0.39457688241614464,0.001573729698138182,0
2025-10-12 06:00:00,111700.38,112125.51,111616.0,111686.01,764.04714,-0.00012864772707132932,0.004856902539086559,48.70689028780201,0.4214587739692186,-0.00012864772707132932,0
2025-10-12 07:00:00,111686.02,111933.85,111491.09,111525.2,541.91728,-0.001439840137542725,0.00463795033189257,46.12269013635262,-0.29072795168109655,-0.001439840137542725,0
2025-10-12 08:00:00,111525.19,111798.99,111300.0,111310.9,573.49914,-0.0019215388091660124,0.004692490286336671,44.93310665966893,0.058278008776542434,-0.0019215388091660124,1
2025-10-12 09:00:00,111310.9,111920.01,111139.87,111837.04,596.04536,0.004726760811385011,0.004672901234089892,55.39252203313857,0.03931343297219225,0.004726760811385011,0
2025-10-12 10:00:00,111837.05,112026.63,111450.0,111651.64,536.97781,-0.0016577691970387498,0.0032591719036951434,63.12212213689785,-0.09909908534477974,-0.0016577691970387498,1
2025-10-12 11:00:00,111651.64,112133.33,111477.61,111848.36,1104.29864,0.0017619087368532238,0.00322950366184601,59.7271008384536,1.0565070277298796,0.0017619087368532238,0
2025-10-12 12:00:00,111848.35,112250.0,111555.0,111789.6,1014.55206,-0.0005253541491354596,0.0033046560501110815,57.74672155463622,-0.08127020784884786,-0.0005253541491354596,0
2025-10-12 13:00:00,111789.61,111934.51,111265.99,111297.52,1163.81644,-0.004401840600556817,0.003523444815446067,56.65053724007741,0.147123431004615,-0.004401840600556817,1
2025-10-12 14:00:00,111297.51,112990.9,111177.75,112338.1,2798.771,0.009349534473005239,0.0039177138232225186,77.24898949048479,1.4048216744558104,0.009349534473005239,1
2025-10-12 15:00:00,112338.11,113745.84,112078.0,113198.2,4043.27714,0.00765635167409795,0.004492636332248156,79.42417219248996,0.44466165327567,0.00765635167409795,1
2025-10-12 16:00:00,113198.2,114700.0,113198.2,114069.35,3600.56207,0.007695793749370683,0.004873287885839248,81.84840779307424,-0.10949411941621201,0.007695793749370683,0
2025-10-12 17:00:00,114069.35,114466.94,113516.38,113799.99,1614.34137,-0.002361370517145911,0.004956183815556067,76.41114953102817,-0.5516418440746391,-0.002361370517145911,1
2025-10-12 18:00:00,113799.99,114236.87,113553.81,113878.93,817.9254,0.0006936731716760125,0.004790607050292523,72.8806310770106,-0.4933380168532756,0.0006936731716760125,1
2025-10-12 19:00:00,113878.93,114396.69,113826.65,114342.28,602.52008,0.004068794815687227,0.004757884900254583,74.31766217585212,-0.2633557045667001,0.004068794815687227,1
2025-10-12 20:00:00,114342.28,115468.65,114342.27,114927.97,1817.36254,0.005122252241253289,0.004623829821769467,77.00112270069903,2.0162688353888556,0.005122252241253289,0
2025-10-12 21:00:00,114927.97,115600.0,114217.75,114882.06,1611.66087,-0.0003994675969652972,0.004732489661891713,78.50362062856647,-0.11318692086610316,-0.0003994675969652972,1
2025-10-12 22:00:00,114882.06,115770.0,114882.06,115221.4,1743.39625,0.002953811935475281,0.004595769751528084,82.51423459119536,0.0817388958509615,0.002953811935475281,0
2025-10-12 23:00:00,115221.4,115350.8,114733.65,114958.8,1099.4147,-0.002279090516171367,0.004249974644407702,77.14583355053773,-0.3693833516046624,-0.002279090516171367,1
2025-10-13 00:00:00,114958.81,115888.0,114766.69,115280.84,1480.23716,0.0028013514406899365,0.003670755691703625,80.82583893624336,0.3463865454955257,0.0028013514406899365,1
2025-10-13 01:00:00,115280.83,115750.0,115079.18,115713.32,814.49823,0.003751534079730945,0.003256910545831162,81.56419562308427,-0.4497515317072569,0.003751534079730945,0
2025-10-13 02:00:00,115713.31,115963.81,115001.62,115319.97,982.84078,-0.0033993493575329436,0.003062512818335461,77.33766766748444,0.20668252403691523,-0.0033993493575329436,0
2025-10-13 03:00:00,115319.98,115613.7,114619.45,114821.12,846.03241,-0.004325790233903115,0.003357649287498001,77.25666564541856,-0.13919687988526486,-0.004325790233903115,0
2025-10-13 04:00:00,114821.13,115000.0,114398.24,114708.15,1086.01022,-0.0009838782272808544,0.0034105256537352896,71.40529575696374,0.2836508473712016,-0.0009838782272808544,0
2025-10-13 05:00:00,114708.15,114834.7,114500.02,114611.82,834.97755,-0.0008397833981280689,0.0032249445276152327,64.81049208339127,-0.2311512961636769,-0.0008397833981280689,1
2025-10-13 06:00:00,114611.82,115379.84,114417.77,115221.22,599.41221,0.0053170781163758285,0.0032581331128120616,62.768450386781645,-0.2821217648306832,0.0053170781163758285,1
2025-10-13 07:00:00,115221.23,115554.83,115034.0,115399.67,916.61315,0.0015487598551724435,0.0032725580251978673,68.09715591534416,0.5291866510360208,0.0015487598551724435,0
2025-10-13 08:00:00,115399.66,115438.17,115138.0,115254.23,644.85187,-0.0012603155624275608,0.0031851141468580493,65.3281173374093,-0.29648416019342516,-0.0012603155624275608,0
2025-10-13 09:00:00,115254.23,115254.23,114748.38,115127.04,1037.56556,-0.001103560363901579,0.0031111317624094165,59.45484862776442,0.6089982959962574,-0.001103560363901579,0
2025-10-13 10:00:00,115127.05,115162.0,114740.34,114810.62,896.68402,-0.0027484420688658195,0.0030805890481054683,48.48805778217232,-0.13578085610320367,-0.0027484420688658195,0
2025-10-13 11:00:00,114810.61,114810.61,113616.5,114180.0,1981.76101,-0.005492697452552653,0.003081920913236454,42.13903096630374,1.2100996179233792,-0.005492697452552653,1
2025-10-13 12:00:00,114180.0,114748.97,113931.16,114412.26,1209.47056,0.0020341565948502893,0.003154434430873331,40.717465124685624,-0.3896990838466441,0.0020341565948502893,1
2025-10-13 13:00:00,114412.25,115530.0,114220.07,115345.79,1815.19891,0.008159352852570079,0.003964308128669908,53.84733155295948,0.5008210782741169,0.008159352852570079,0
2025-10-13 14:00:00,115345.79,115476.18,113800.01,114036.63,1434.88366,-0.011349872414068929,0.005458409971268006,39.659932352042325,-0.20951712118425636,-0.011349872414068929,1
2025-10-13 15:00:00,114036.63,114727.95,113968.02,114312.1,1078.57574,0.0024156273295694586,0.005537273406657417,38.043055308948816,-0.24831833404528414,0.0024156273295694586,1
2025-10-13 16:00:00,114312.09,115174.0,114270.89,114669.24,985.04262,0.003124253687929901,0.005332018189132274,44.412636972844666,-0.08671910235993252,0.003124253687929901,1
2025-10-13 17:00:00,114669.25,115053.43,114215.79,115040.55,669.90056,0.0032380959357540817,0.005428870857726405,51.926281100143,-0.3199273347177607,0.0032380959357540817,1
2025-10-13 18:00:00,115040.55,115377.48,114710.0,115160.63,724.92234,0.0010438058580213294,0.005432400847912951,53.96717401964739,0.08213424989523799,0.0010438058580213294,1
2025-10-13 19:00:00,115160.63,115891.3,115070.0,115792.84,989.05749,0.005489810189471811,0.005686899923600769,59.465303557670424,0.36436337442711464,0.005489810189471811,0
2025-10-13 20:00:00,115792.84,115868.0,115400.0,115713.37,419.35754,-0.0006863118652241651,0.005588879869959627,54.31048828539339,-0.5760028671336386,-0.0006863118652241651,0
2025-10-13 21:00:00,115713.37,115786.04,115553.33,115700.0,221.7783,-0.00011554412424419347,0.005158537462852739,52.70876513199058,-0.4711474604701277,-0.00011554412424419347,0
2025-10-13 22:00:00,115700.0,115835.04,115442.67,115507.19,332.95022,-0.0016664649956784627,0.00523500597658482,52.26219093393514,0.5012750120277774,-0.0016664649956784627,0
2025-10-13 23:00:00,115507.2,115507.2,115005.44,115166.0,554.61822,-0.0029538420941588317,0.004689254928794103,50.33557046967733,0.6657691951667728,-0.0029538420941588317,0
2025-10-14 00:00:00,115166.0,115409.96,114871.93,114959.03,759.03973,-0.001797144990709043,0.0027075391466212374,51.30285009968801,0.36858058864348164,-0.001797144990709043,0
2025-10-14 01:00:00,114959.02,114991.99,114137.93,114274.57,705.31924,-0.005953947245379454,0.0033686786902798966,50.8224293537427,-0.07077427949654225,-0.005953947245379454,0
2025-10-14 02:00:00,114274.57,114298.08,113647.05,113647.05,851.40075,-0.0054913354738503894,0.00356877085677969,43.77340435390352,0.20711402966974224,-0.0054913354738503894,0
2025-10-14 03:00:00,113647.05,113700.0,113279.76,113500.0,1141.08489,-0.0012939183199212057,0.0032608731304729164,32.77605767589196,0.34024416821338255,-0.0012939183199212057,0
2025-10-14 04:00:00,113500.0,113599.99,112787.0,113062.09,1189.90441,-0.0038582378854625787,0.0032306040916806828,39.140308805839936,0.042783425166553535,-0.0038582378854625787,0
2025-10-14 05:00:00,113062.09,113691.0,112390.0,112493.11,1796.26245,-0.005032456060205415,0.0020944061166259745,30.97477863046224,0.5095855052760077,-0.005032456060205415,0
2025-10-14 06:00:00,112493.1,112699.21,111355.01,111987.38,1853.68057,-0.004495653111554976,0.0019941109369039406,22.795421439317096,0.03196532889723325,-0.004495653111554976,0
2025-10-14 07:00:00,111987.39,112194.0,111445.72,111724.41,1446.45172,-0.0023482110216347385,0.0017064400927888125,15.605345259583856,-0.21968663673267075,-0.0023482110216347385,1
2025-10-14 08:00:00,111724.41,112140.0,111513.63,111803.33,979.88421,0.0007063809958809397,0.002106196228029119,14.878566227809884,-0.32256002986397636,0.0007063809958809397,0
2025-10-14 09:00:00,111803.33,112000.0,111055.91,111287.89,937.93171,-0.004610238353365714,0.0021449333831319987,1.6925488816730194,-0.042813732042891184,-0.004610238353365714,0
2025-10-14 10:00:00,111287.9,111336.11,110012.24,110623.58,1937.91268,-0.0059692927954694275,0.0021998046980664567,1.503917006339762,1.066155413382921,-0.0059692927954694275,1
2025-10-14 11:00:00,110623.58,111630.28,110614.25,111313.98,1426.10618,0.006240984065061017,0.0037373283777033723,12.985048931047118,-0.26410194085731453,0.006240984065061017,0
2025-10-14 12:00:00,111313.98,111361.15,110737.29,110803.28,976.90627,-0.00458792327792068,0.0036703992085431827,12.323809981470205,-0.3149834958291816,-0.00458792327792068,1
2025-10-14 13:00:00,110803.29,111329.71,109866.0,111014.38,2420.02151,0.0019051782582610866,0.0039205023899218,16.039695965253827,1.4772299905496564,0.0019051782582610866,1
2025-10-14 14:00:00,111014.38,112200.0,110905.73,111435.21,2108.64964,0.003790770168693447,0.004290785616405484,22.149527687453386,-0.12866491835438265,0.003790770168693447,1
2025-10-14 15:00:00,111435.2,112943.82,111062.15,112900.43,1681.40989,0.01314862690167673,0.006078800724151103,40.332597916364314,-0.2026129622937266,0.01314862690167673,0
2025-10-14 16:00:00,112900.44,113187.62,112189.42,112328.83,2429.54292,-0.005062868228225437,0.006131746297063597,40.652460020681794,0.4449438738581466,-0.005062868228225437,1
2025-10-14 17:00:00,112328.83,112933.65,111692.31,112774.97,2031.41315,0.003971731923140265,0.006151688982455435,45.06799088457794,-0.16387023531158684,0.003971731923140265,1
2025-10-14 18:00:00,112774.98,113450.0,112662.72,112861.36,1289.26282,0.0007660387761574405,0.0061514518044848265,48.56595410871976,-0.36533697244206587,0.0007660387761574405,0
2025-10-14 19:00:00,112861.36,113544.53,112021.59,112613.7,1685.79274,-0.0021943736988461193,0.005952641712891835,50.90296986395732,0.30756329419318873,-0.0021943736988461193,1
2025-10-14 20:00:00,112613.69,113008.47,112230.46,112992.87,564.85759,0.003366997088276147,0.005410580273738246,57.6745002555687,-0.6649305833408679,0.003366997088276147,1
2025-10-14 21:00:00,112992.88,113186.0,112683.58,113128.7,561.06072,0.0012021112482585306,0.0052168177486539785,60.93052145865036,-0.006721818148889502,0.0012021112482585306,1
2025-10-14 22:00:00,113128.7,113577.0,112822.16,113211.87,588.63193,0.000735180374211053,0.004763688816429107,60.956353181903204,0.04914122307475033,0.000735180374211053,0
2025-10-14 23:00:00,113211.87,113520.0,112998.22,113028.14,507.80202,-0.0016228863634175639,0.004913200940399571,64.27311872037738,-0.1373182559090873,-0.0016228863634175639,0
2025-10-15 00:00:00,113028.13,113112.41,112602.02,112993.86,1081.3257,-0.0003032873052675189,0.00490037845451503,71.68116175327685,1.1294237860652858,-0.0003032873052675189,0
2025-10-15 01:00:00,112993.85,113005.57,112326.26,112738.17,870.72777,-0.0022628663185769726,0.0027443018695391076,64.15270962377144,-0.1947590166404073,-0.0022628663185769726,1
2025-10-15 02:00:00,112738.17,113612.35,112673.9,112809.94,812.09712,0.0006366078143720255,0.0021319170653472347,71.84676151509491,-0.06733522464776787,0.0006366078143720255,0
2025-10-15 03:00:00,112809.94,112866.77,111825.93,112024.29,762.39853,-0.0069643685653941745,0.002810066109962302,59.77244621272597,-0.06119784047504073,-0.0069643685653941745,1
2025-10-15 04:00:00,112024.3,112465.5,111746.76,112344.81,1145.73005,0.0028611651990833042,0.003000211512571477,58.976044145869395,0.502796772181604,0.0028611651990833042,1
2025-10-15 05:00:00,112344.81,112659.0,112188.74,112431.95,623.36683,0.0007756477580049825,0.002955519325506461,43.64986418109955,-0.45592172431891775,0.0007756477580049825,1
2025-10-15 06:00:00,112431.95,112563.8,111896.07,112460.47,740.50832,0.00025366454997888255,0.0026955335006000397,52.09240668071903,0.18791742576357473,0.00025366454997888255,1
2025-10-15 07:00:00,112460.48,112680.0,112235.76,112584.5,932.59854,0.0011028764151528314,0.002688872642754667,46.62711834369755,0.2594031894199378,0.0011028764151528314,1
2025-10-15 08:00:00,112584.49,113520.88,112550.0,112944.85,1236.8164,0.0032007070245017033,0.002916001783503237,51.34769540672391,0.3262045209721216,0.0032007070245017033,0
2025-10-15 09:00:00,112944.84,113127.39,112380.8,112564.01,848.43925,-0.003371911158410623,0.003057689898768748,49.23096923546074,-0.314013583584435,-0.003371911158410623,0
2025-10-15 10:00:00,112564.0,112645.61,112072.86,112266.71,847.65271,-0.0026411639030982093,0.003137205902999944,38.46933136840538,-0.0009270433917337728,-0.0026411639030982093,0
2025-10-15 11:00:00,112266.7,112600.0,111693.26,111905.73,766.17498,-0.0032153788064156474,0.003205635040835099,31.876394870006024,-0.09612159442043189,-0.0032153788064156474,0
2025-10-15 12:00:00,111905.72,112085.68,111400.0,111711.25,1005.50463,-0.0017378913483696579,0.003180491764756694,28.47203094144581,0.31236944072488515,-0.0017378913483696579,0
2025-10-15 13:00:00,111711.25,112011.75,110725.4,111389.0,1971.0633,-0.002884669180588384,0.002519672954242937,27.383685633759413,0.9602727239555326,-0.002884669180588384,0
2025-10-15 14:00:00,111389.01,112238.41,110800.0,111059.76,1777.74911,-0.0029557676251694698,0.0023027560235160615,25.322551010943812,-0.09807609425836306,-0.0029557676251694698,0
2025-10-15 15:00:00,111059.77,111588.69,110400.0,110798.01,1836.18334,-0.0023568392368217284,0.0022238011025683957,25.28345248945091,0.03286978442081745,-0.0023568392368217284,0
2025-10-15 16:00:00,110798.01,111125.18,110602.8,110748.0,830.13195,-0.0004513618972037392,0.002174031632010017,23.58559694180218,-0.5479035606542428,-0.0004513618972037392,1
2025-10-15 17:00:00,110748.0,111186.78,110164.0,111186.78,1335.06163,0.003961967710477854,0.0026865192517618415,38.22461679479029,0.6082523145868557,0.003961967710477854,1
2025-10-15 18:00:00,111186.77,111512.41,110826.21,111444.76,562.70484,0.0023202398702435456,0.0025347620282054474,37.11877263019486,-0.5785177048343453,0.0023202398702435456,0
2025-10-15 19:00:00,111444.76,111557.7,111099.33,111271.73,589.84937,-0.0015526077672920469,0.002435530039416274,33.793727685548134,0.048239375371287085,-0.0015526077672920469,0
2025-10-15 20:00:00,111271.73,111556.27,110515.84,111109.76,852.76487,-0.0014556257910253168,0.0023832457044586073,31.81102022885986,0.4457332895006736,-0.0014556257910253168,0
2025-10-15 21:00:00,111109.77,111424.69,110500.0,110854.19,779.36355,-0.0023001579699208907,0.0023064525859815724,27.496469009115586,-0.08607451195779203,-0.0023001579699208907,0
2025-10-15 22:00:00,110854.2,111395.82,110667.97,110667.97,422.7399,-0.0016798643334997587,0.0023042977054815836,18.983217087983277,-0.4575831779661751,-0.0016798643334997587,1
2025-10-15 23:00:00,110667.97,111006.0,110590.1,110763.28,355.53542,0.0008612247970212206,0.002256192552243521,23.400307840381487,-0.15897359108993492,0.0008612247970212206,0
2025-10-16 00:00:00,110763.28,110856.11,110361.0,110431.27,753.8893,-0.0029974735309390432,0.0022611445213888103,23.162786073048522,1.1204337390631856,-0.0029974735309390432,1
2025-10-16 01:00:00,110431.27,111330.0,110417.32,111299.99,776.36767,0.007866612418746977,0.0033902719201628242,42.2881252353789,0.02981653937786355,0.007866612418746977,1
2025-10-16 02:00:00,111300.0,111562.24,111014.12,111510.43,544.40968,0.0018907459021333395,0.0034014060626754695,47.45364265264836,-0.29877337627930844,0.0018907459021333395,0
2025-10-16 03:00:00,111510.43,111867.17,111271.49,111329.48,640.75803,-0.0016227181618795328,0.003260315464115277,49.21724995905048,0.17697765770807017,-0.0016227181618795328,0
2025-10-16 04:00:00,111329.48,111675.21,110800.88,110966.03,573.55869,-0.0032646339496061882,0.0033217824587102518,48.77834518084799,-0.1048747527986501,-0.0032646339496061882,0
2025-10-16 05:00:00,110966.03,111485.03,110750.0,110951.14,831.0631,-0.0001341852096538032,0.003298506499744162,52.133127909462345,0.44895912918693637,-0.0001341852096538032,1
2025-10-16 06:00:00,110951.13,111716.86,110922.17,111666.83,576.47831,0.00645049703860634,0.0038822268339559346,60.7970369045312,-0.3063362938385785,0.00645049703860634,0
2025-10-16 07:00:00,111666.83,111773.7,110553.19,110584.2,1116.0425,-0.009695179848841495,0.005015320297385811,43.84979362533035,0.9359661597675724,-0.009695179848841495,1
2025-10-16 08:00:00,110584.21,110893.91,110405.0,110817.5,898.50628,0.0021097046413502962,0.005036929133846389,43.565481783477466,-0.19491750538173958,0.0021097046413502962,1
2025-10-16 09:00:00,110817.5,111633.14,109635.15,111146.31,2599.38969,0.00296713064272347,0.00511357353409464,48.75327040360511,1.8930122669815956,0.00296713064272347,1
2025-10-16 10:00:00,111146.31,111728.7,111021.02,111469.63,1021.52177,0.002908958471045997,0.005023373407168862,53.46608081568083,-0.6070147643003078,0.002908958471045997,0
2025-10-16 11:00:00,111469.63,111567.85,111001.44,111404.72,762.70034,-0.0005823110743258253,0.004402519007490293,55.50458440387208,-0.25336849159856867,-0.0005823110743258253,1
2025-10-16 12:00:00,111404.73,111982.45,111332.18,111519.07,925.41606,0.0010264376590147783,0.0043718953055606816,58.63398244579377,0.2133416119887923,0.0010264376590147783,0
2025-10-16 13:00:00,111519.08,111548.0,110684.32,110860.0,1245.15513,-0.005909930920334983,0.004744793995248258,50.880466960511484,0.34550845162553157,-0.005909930920334983,0
2025-10-16 14:00:00,110860.0,111420.02,109728.0,110529.34,2218.73,-0.0029826808587407605,0.00472676490804661,50.89297583935124,0.7818904219589087,-0.0029826808587407605,0
2025-10-16 15:00:00,110529.35,110727.35,108361.69,108549.21,3863.5105,-0.01791497171701184,0.007278065507724584,29.168963741494537,0.7413162034136644,-0.01791497171701184,1
2025-10-16 16:00:00,108549.21,109254.0,107577.57,109232.43,3658.11859,0.006294103844698418,0.007257641226422014,33.90192470221041,-0.05316199088885609,0.006294103844698418,0
2025-10-16 17:00:00,109232.43,109244.91,108227.54,108276.7,1542.50028,-0.008749507815581814,0.007154231534211636,30.55593771331698,-0.5783350807115304,-0.008749507815581814,1
2025-10-16 18:00:00,108276.69,108656.3,107680.0,108656.19,1228.35335,0.0035048168257807433,0.007257933638221405,35.31794258975184,-0.2036608576823078,0.0035048168257807433,0
2025-10-16 19:00:00,108656.19,108751.02,107685.4,108197.66,1826.2967,-0.004220008082374327,0.007071043127425837,33.43241265770848,0.4867844826572094,-0.004220008082374327,0
2025-10-16 20:00:00,108197.67,108424.11,107427.0,107838.01,941.04286,-0.003324009040491349,0.006794672731384749,25.930875807744357,-0.4847261893426189,-0.003324009040491349,1
2025-10-16 21:00:00,107838.0,108463.31,107592.0,108443.7,490.84182,0.005616665218507011,0.007330382569045343,35.685836032706334,-0.478406520187614,0.005616665218507011,0
2025-10-16 22:00:00,108443.71,108500.0,107783.76,107798.85,451.11345,-0.005946403525515898,0.007271533184436758,30.86654978627736,-0.08093925248667688,-0.005946403525515898,1
2025-10-16 23:00:00,107798.85,108420.73,107736.56,108194.28,371.40842,0.0036682209504088625,0.007525198815580489,31.445513090404418,-0.17668511102916573,0.0036682209504088625,1
2025-10-17 00:00:00,108194.27,108849.19,107934.4,108800.0,657.03622,0.005598447533455619,0.00793040501350143,33.79573483471502,0.7690396464355871,0.005598447533455619,1
2025-10-17 01:00:00,108799.99,109115.08,108506.79,108839.84,663.22366,0.0003661764705882309,0.00546057887609619,34.38402602899997,0.009417197730743121,0.0003661764705882309,1
2025-10-17 02:00:00,108839.84,109082.8,108390.21,108972.97,559.71151,0.0012231734262013738,0.005060946502161935,34.53373408780753,-0.15607427213920566,0.0012231734262013738,1
2025-10-17 03:00:00,108972.98,109240.0,108910.45,109176.74,537.9217,0.0018699132454589318,0.004095922482400284,39.17634622104514,-0.038930430428346874,0.0018699132454589318,0
2025-10-17 04:00:00,109176.74,109236.01,108786.0,108787.26,487.87266,-0.0035674265415875928,0.004193260400178309,38.882223351039535,-0.0930414965598153,-0.0035674265415875928,0
2025-10-17 05:00:00,108787.26,108926.06,108299.12,108381.76,800.45747,-0.0037274585277724537,0.004139049177365932,48.662546345515615,0.6407098319467215,-0.0037274585277724537,0
2025-10-17 06:00:00,108381.75,108519.49,106639.79,106741.28,2840.49166,-0.015136126226405588,0.006346345894727712,32.74179089374849,2.548585360818733,-0.015136126226405588,0
2025-10-17 07:00:00,106741.28,106901.85,105542.09,105633.75,3891.25354,-0.01037583585282098,0.0065057548960519365,32.067324459268576,0.3699225365794596,-0.01037583585282098,0
2025-10-17 08:00:00,105633.75,105716.15,104505.0,104884.38,4632.98336,-0.007094039547019704,0.006580979482093587,25.631059430342958,0.19061462132328688,-0.007094039547019704,0
2025-10-17 09:00:00,104884.38,105626.67,104520.7,104531.35,2034.60892,-0.0033658968094200103,0.006186713243385982,25.985298953115205,-0.5608426014290715,-0.0033658968094200103,1
2025-10-17 10:00:00,104530.0,104926.19,103528.23,104751.99,3620.28453,0.002110754333508602,0.005701002887915599,29.411325165467375,0.7793515473234041,0.002110754333508602,1
2025-10-17 11:00:00,104751.99,106651.22,104674.0,105683.72,3620.45641,0.008894628159331397,0.0069002318076772625,32.35419730190486,4.747693132278741e-05,0.008894628159331397,0
2025-10-17 12:00:00,105683.71,106070.14,105227.45,105350.4,1384.38576,-0.0031539389415892183,0.006745529049808608,33.6964989871484,-0.6176212048358842,-0.0031539389415892183,1
2025-10-17 13:00:00,105350.4,106166.0,104876.19,105835.63,2340.35273,0.004605867656886087,0.00703044259525464,34.48005400867744,0.6905351077867199,0.004605867656886087,0
2025-10-17 14:00:00,105835.62,105989.01,104533.21,105163.42,1894.44771,-0.006351452719655981,0.007106558564136522,26.27882159243555,-0.19052898064643453,-0.006351452719655981,1
2025-10-17 15:00:00,105163.41,106852.14,105087.29,106803.53,2228.15693,0.015595822197490339,0.009287702126320449,39.01136794111662,0.1761511907868918,0.015595822197490339,0
2025-10-17 16:00:00,106803.52,107575.6,106239.75,106372.34,1909.04788,-0.004037226110410463,0.008047827591752826,36.40348446550829,-0.14321659561025624,-0.004037226110410463,1
2025-10-17 17:00:00,106372.34,106729.0,106071.42,106453.27,723.50939,0.0007608180848517332,0.007230258196884949,35.57598707724517,-0.6210103488865873,0.0007608180848517332,1
2025-10-17 18:00:00,106453.26,107089.99,106453.26,106647.11,761.17199,0.0018208928668888014,0.006677743024616721,38.42550277924898,0.0520554404967708,0.0018208928668888014,0
2025-10-17 19:00:00,106647.11,106889.11,106233.65,106454.72,522.73818,-0.0018039869997414915,0.006563690757183943,39.332152347149005,-0.3132456437342104,-0.0018039869997414915,1
2025-10-17 20:00:00,106457.24,107177.08,106342.47,107021.37,502.81407,0.005322920392820452,0.006656132141707931,51.75976386521966,-0.03811489338697249,0.005322920392820452,1
2025-10-17 21:00:00,107021.38,107440.02,107016.87,107301.4,474.97927,0.002616580221314724,0.006233573541165257,61.69350145205652,-0.05535803721642085,0.002616580221314724,0
2025-10-17 22:00:00,107301.41,107415.73,106807.5,107000.1,467.14,-0.002807978274281475,0.006205539419040589,65.8300661417829,-0.0165044466045855,-0.002807978274281475,0
2025-10-17 23:00:00,107000.09,107000.1,106392.08,106431.68,365.62283,-0.0053123314838025015,0.0064544175452302425,63.77451982376117,-0.21731637196557774,-0.0053123314838025015,1
2025-10-18 00:00:00,106431.68,106845.52,106322.2,106845.52,471.69377,0.003888315960060007,0.006030863887844047,64.76148573075787,0.2901102756630376,0.003888315960060007,1
2025-10-18 01:00:00,106845.52,107306.06,106824.0,107149.3,525.1252,0.0028431702143429938,0.0036032866905307283,61.3378119950893,0.1132756745971013,0.0028431702143429938,0
2025-10-18 02:00:00,107149.3,107297.87,106493.23,106597.98,923.59727,-0.005145343926651891,0.0037658561608411127,59.33644054085305,0.7588134601043715,-0.005145343926651891,1
2025-10-18 03:00:00,106597.97,107126.55,106573.6,107070.4,747.88716,0.00443179129660809,0.003996478871446973,59.25832617260279,-0.19024537610424075,0.00443179129660809,0
2025-10-18 04:00:00,107070.41,107070.41,106439.38,106478.71,738.59104,-0.005526177169413615,0.004399161837676245,59.98260449811254,-0.012429843026052212,-0.005526177169413615,1
2025-10-18 05:00:00,106478.66,106842.5,106478.66,106812.52,357.02039,0.0031349929013977373,0.004469438215986456,50.085106624551806,-0.5166196573410909,0.0031349929013977373,1
2025-10-18 06:00:00,106812.52,106950.0,106711.95,106839.96,582.06053,0.0002568987231084119,0.004115558569693003,54.7932905001852,0.6303285366978617,0.0002568987231084119,0
2025-10-18 07:00:00,106839.97,107499.0,106607.2,106665.0,1298.66311,-0.0016375895311080413,0.004015074263603147,52.12927076006709,1.2311478670439997,-0.0016375895311080413,1
2025-10-18 08:00:00,106665.01,106966.62,106605.93,106719.2,1204.63747,0.0005081329395770773,0.003947673350389792,50.745925810810576,-0.0724018717987609,0.0005081329395770773,1
2025-10-18 09:00:00,106719.2,106938.0,106629.66,106884.41,371.44202,0.0015480813199499899,0.0035470843568903157,54.471214779230586,-0.691656594410931,0.0015480813199499899,1
2025-10-18 10:00:00,106884.41,107145.81,106788.41,106924.47,365.7402,0.00037479740965018493,0.0033341079225740404,48.86758848921023,-0.01535049804004407,0.00037479740965018493,1
2025-10-18 11:00:00,106924.47,107222.0,106770.0,107208.6,394.9085,0.002657296313930857,0.003317461453163698,48.91654096346496,0.07975141917678163,0.002657296313930857,0
2025-10-18 12:00:00,107208.61,107300.0,106965.23,107065.17,265.11201,-0.001337859089662663,0.0028373789093738434,50.78878272637072,-0.3286748449324337,-0.001337859089662663,0
2025-10-18 13:00:00,107065.17,107102.14,106810.0,106888.78,270.57628,-0.0016475012368635245,0.002520946869680998,56.12294651542978,0.02061117487661157,-0.0016475012368635245,1
2025-10-18 14:00:00,106888.77,107111.11,106739.33,107028.36,552.94765,0.0013058433261190494,0.0016988862241774318,52.64340363497284,1.0435924760293105,0.0013058433261190494,0
2025-10-18 15:00:00,107028.37,107146.18,106815.86,106948.75,336.98269,-0.000743821544121559,0.0014606632995980396,46.899590322128255,-0.3905703550779174,-0.000743821544121559,0
2025-10-18 16:00:00,106948.75,107063.89,106484.0,106664.01,353.04791,-0.00266239670870394,0.0017036498049051974,51.11248892204468,0.04767372472455489,-0.00266239670870394,1
2025-10-18 17:00:00,106664.01,106955.79,106567.95,106880.03,246.03342,0.0020252379410825583,0.001744764216725555,46.48928361961349,-0.3031160558350282,0.0020252379410825583,0
2025-10-18 18:00:00,106880.04,106920.0,106722.72,106843.75,158.99856,-0.0003394460125057952,0.0017488647422293866,58.46622693457873,-0.3537521853738407,-0.0003394460125057952,1
2025-10-18 19:00:00,106843.75,107091.87,106762.83,107080.14,153.17902,0.0022124831822170066,0.0018203877616256707,56.5005538170695,-0.036601211985819226,0.0022124831822170066,0
2025-10-18 20:00:00,107080.14,107339.03,107000.0,107018.51,262.63077,-0.0005755502374203969,0.0018341023227630329,54.26616267531267,0.7145348625418806,-0.0005755502374203969,1
2025-10-18 21:00:00,107018.5,107220.24,106851.84,107177.05,198.46296,0.0014814259701430021,0.0016826178985759957,62.33136339730907,-0.24432708322790953,0.0014814259701430021,0
2025-10-18 22:00:00,107177.05,107283.71,107067.54,107125.87,219.09125,-0.00047752760502373093,0.0016293634327398387,59.80783237385968,0.10394025162176357,-0.00047752760502373093,1
2025-10-18 23:00:00,107125.88,107200.0,107014.58,107185.01,124.75848,0.0005520608607425537,0.0015182421218084981,57.64061165520776,-0.430563840408962,0.0005520608607425537,0
2025-10-19 00:00:00,107185.0,107267.2,106755.88,106898.03,393.96341,-0.002677426628966084,0.00172677045898132,49.402901482948934,2.157808671602924,-0.002677426628966084,1
2025-10-19 01:00:00,106898.03,106988.81,106734.17,106973.26,184.14483,0.0007037547838812941,0.0017293843826599142,44.13158183437654,-0.5325839270200246,0.0007037547838812941,0
2025-10-19 02:00:00,106973.27,107000.0,106805.05,106847.02,121.85742,-0.0011801080008218001,0.001524962240259384,44.51319198137637,-0.33825228761513426,-0.0011801080008218001,1
2025-10-19 03:00:00,106847.03,107367.16,106802.32,107275.78,358.14644,0.00401284003989999,0.0018811977302482096,58.6371589769225,1.939061404713804,0.00401284003989999,0
2025-10-19 04:00:00,107275.79,107290.0,106949.9,107046.9,256.58858,-0.0021335664024070278,0.002035716526111515,50.3979189736069,-0.28356518076795634,-0.0021335664024070278,0
2025-10-19 05:00:00,107046.89,107180.0,106794.23,106888.59,516.95583,-0.0014788844889482844,0.001961942561403187,48.750996545026126,1.0147265712293199,-0.0014788844889482844,0
2025-10-19 06:00:00,106888.6,106909.98,106558.61,106777.75,315.62124,-0.0010369675565932157,0.00197771202482347,52.545179509342304,-0.38946188110500657,-0.0010369675565932157,1
2025-10-19 07:00:00,106777.75,106912.08,106702.0,106786.0,158.03024,7.726328752943878e-05,0.0018911722160895076,47.68016184310686,-0.4993041659680445,7.726328752943878e-05,0
2025-10-19 08:00:00,106786.0,107203.29,106278.74,106443.95,969.35569,-0.00320313524244753,0.0020948211779720912,41.42950240497845,5.133988596106669,-0.00320313524244753,1
2025-10-19 09:00:00,106443.96,108213.04,106103.36,107401.47,2187.761,0.008995532390521088,0.003707758069192842,55.26158078276969,1.256922843254781,0.008995532390521088,1
2025-10-19 10:00:00,107401.47,107887.99,106999.57,107882.71,889.9682,0.00448075803804171,0.0037791098564978424,62.441119902085234,-0.5932059306295341,0.00448075803804171,0
2025-10-19 11:00:00,107882.71,108260.5,107633.05,107783.47,1012.47378,-0.0009198879041878438,0.0038242213261944864,58.88173504454651,0.13765163744052877,-0.0009198879041878438,0
2025-10-19 12:00:00,107783.47,107859.42,107421.9,107631.43,816.5887,-0.0014106059120198022,0.0038378937368365334,57.192038056857776,-0.19347175588092758,-0.0014106059120198022,1
2025-10-19 13:00:00,107631.43,108227.44,107355.02,108096.34,912.20232,0.004319463190259665,0.003868067983579788,61.62265431084821,0.11708908046364086,0.004319463190259665,1
2025-10-19 14:00:00,108096.33,108508.0,107887.28,108405.47,1356.8762,0.0028597637995884106,0.003772865795305247,69.1171397842644,0.487472866764908,0.0028597637995884106,1
2025-10-19 15:00:00,108405.47,108621.68,108328.25,108486.7,550.80586,0.0007493164320950818,0.0036565974873867197,69.16406661509572,-0.5940632903724009,0.0007493164320950818,1
2025-10-19 16:00:00,108486.71,108988.27,108240.0,108624.19,746.0028,0.0012673442919730604,0.0035506505151619637,72.43963847454982,0.3543842834206592,0.0012673442919730604,1
2025-10-19 17:00:00,108624.19,109437.43,108615.2,109113.52,842.94186,0.00450479768824974,0.0035985533811794253,72.85484745501248,0.1299446329155869,0.00450479768824974,1
2025-10-19 18:00:00,109113.53,109450.07,109037.5,109383.01,390.21394,0.002469813090073547,0.0030661526268230075,78.76224738773199,-0.5370808373426846,0.002469813090073547,0
2025-10-19 19:00:00,109383.0,109383.01,108800.57,108908.43,451.40437,-0.004338699401305601,0.002936069278259309,73.07154573301965,0.15681251674401997,-0.004338699401305601,0
2025-10-19 20:00:00,108908.43,108984.9,108810.17,108845.06,661.43199,-0.000581864966743173,0.0027776902357524156,73.87265668460371,0.4652760007618004,-0.000581864966743173,0
2025-10-19 21:00:00,108845.07,108869.87,108620.0,108744.82,272.94763,-0.0009209421171708643,0.00277776665938414,72.14927654855421,-0.5873383293723062,-0.0009209421171708643,1
2025-10-19 22:00:00,108744.83,109370.99,108744.83,109146.8,673.56143,0.0036965438905502968,0.0027769029822239965,80.15368859292334,1.4677313739635696,0.0036965438905502968,0
2025-10-19 23:00:00,109146.8,109146.8,108471.1,108642.78,440.82047,-0.004617817471515462,0.0031473042978490055,65.4074061199874,-0.3455378375807534,-0.004617817471515462,0
2025-10-20 00:00:00,108642.77,108642.77,107402.52,108047.46,1198.8653,-0.005479609413529318,0.003535999728961539,51.9885959002388,1.7196225710661754,-0.005479609413529318,1
2025-10-20 01:00:00,108047.46,108276.04,107894.0,108053.58,602.84285,5.66417757530413e-05,0.0035193592646138444,53.335309007656576,-0.4971554769330633,5.66417757530413e-05,1
2025-10-20 02:00:00,108053.57,108970.51,107854.71,108767.02,605.86943,0.0066026502777603024,0.004147603791878477,62.31485799163424,0.005020512393901555,0.0066026502777603024,1
2025-10-20 03:00:00,108767.03,110427.86,108571.59,110145.44,1275.9775,0.012673143017065236,0.005639084320757666,68.54671117401398,1.1060272012733834,0.012673143017065236,1
2025-10-20 04:00:00,110145.45,110535.13,109951.96,110422.1,865.34314,0.002511769892607374,0.005640351277724261,68.36074141093974,-0.32181943647125444,0.002511769892607374,1
2025-10-20 05:00:00,110422.1,111111.0,110291.27,111033.79,991.81207,0.005539561374036328,0.005471711488291402,71.14767981518304,0.146148879160237,0.005539561374036328,1
2025-10-20 06:00:00,111033.79,111377.34,111001.91,111298.55,1196.86696,0.0023844993492523336,0.0053992486870761145,71.74481495799543,0.2067477259073891,0.0023844993492523336,0
2025-10-20 07:00:00,111298.55,111445.67,111050.78,111169.92,913.95455,-0.0011557203575428554,0.00541503060120251,67.76213048809609,-0.23637749178070722,-0.0011557203575428554,0
2025-10-20 08:00:00,111169.91,111679.25,110943.4,111097.15,925.77025,-0.0006545835420229684,0.005457950106182468,65.32671673803391,0.012928104575878452,-0.0006545835420229684,0
2025-10-20 09:00:00,111097.16,111200.0,110691.96,110964.13,1095.42239,-0.001197330444570266,0.005107989575296948,69.57645454457665,0.18325512188364224,-0.001197330444570266,0
2025-10-20 10:00:00,110964.14,111098.01,110612.0,110731.78,644.26773,-0.0020939199000614694,0.004638317736599776,67.4070287962654,-0.41185451759845804,-0.0020939199000614694,1
2025-10-20 11:00:00,110731.78,111026.93,110608.27,111016.75,787.40667,0.002573515931921344,0.004560648486184744,70.27006771749791,0.22217307081327808,0.002573515931921344,0
2025-10-20 12:00:00,111016.75,111203.06,110780.0,110843.81,425.00243,-0.0015577829471679072,0.004518284194090683,65.78581647614257,-0.4602504065656441,-0.0015577829471679072,1
2025-10-20 13:00:00,110843.82,111203.06,110588.23,111161.35,666.08434,0.002864751761961326,0.0025610138536972154,74.27008670862259,0.5672483096155474,0.002864751761961326,1
2025-10-20 14:00:00,111161.35,111395.84,110736.0,111210.86,911.55485,0.00044538861753662395,0.0025011055214568044,84.06765715638825,0.36852767023467337,0.00044538861753662395,0
2025-10-20 15:00:00,111210.86,111705.56,111001.34,111144.55,1003.56342,-0.0005962547182891687,0.0018552012122380408,82.86161415749481,0.10093585701398,-0.0005962547182891687,0
2025-10-20 16:00:00,111144.55,111303.05,110110.0,110683.19,1717.87854,-0.004150990759331008,0.00209690480784177,71.52550141183941,0.7117787533547206,-0.004150990759331008,0
2025-10-20 17:00:00,110683.2,111071.4,109855.83,110282.76,1077.4169,-0.0036178032093221457,0.002309404271973105,51.97699931449202,-0.3728212589465143,-0.0036178032093221457,1
2025-10-20 18:00:00,110282.76,110968.98,110220.0,110937.92,457.18317,0.005940729085851748,0.003145487540891705,56.696456390130905,-0.5756673484516532,0.005940729085851748,0
2025-10-20 19:00:00,110937.92,111067.33,110542.0,110803.22,464.17808,-0.0012141925862680925,0.0031461223962007063,46.583591399886885,0.015300016402616023,-0.0012141925862680925,1
2025-10-20 20:00:00,110803.22,111272.0,110665.03,111091.46,480.99811,0.002601368443985619,0.003172479908221462,46.952703557560895,0.0362361574678407,0.002601368443985619,0
2025-10-20 21:00:00,111091.46,111243.64,110464.91,110563.2,332.06604,-0.004755181001312003,0.0034321982214098423,42.01171278384331,-0.30963129979866244,-0.004755181001312003,1
2025-10-20 22:00:00,110563.2,110867.39,110418.25,110794.08,267.98447,0.0020882174177303536,0.0034891966370114175,46.16916982441764,-0.1929783906839736,0.0020882174177303536,0
2025-10-20 23:00:00,110794.08,110828.75,110521.85,110532.09,285.13241,-0.002364657028606665,0.0033962156108320327,44.71140663543761,0.06398855873998976,-0.002364657028606665,0
2025-10-21 00:00:00,110532.09,110532.09,110168.0,110446.69,437.52159,-0.0007726263024611102,0.0033778506893435644,46.379984203772004,0.5344505733318776,-0.0007726263024611102,0
2025-10-21 01:00:00,110446.68,110489.41,109555.0,109863.19,677.1117,-0.005283091779391458,0.0036762734113508773,36.38455981971927,0.5476075134943628,-0.005283091779391458,0
2025-10-21 02:00:00,109863.18,109922.89,109303.86,109514.92,773.29938,-0.0031700335662927515,0.0035996724567316832,34.93851367422138,0.1420558528231015,-0.0031700335662927515,0
2025-10-21 03:00:00,109514.92,109620.31,109052.09,109059.22,517.88075,-0.00416107686514311,0.0036464489774754097,26.898197907036632,-0.3302972129629794,-0.00416107686514311,0
2025-10-21 04:00:00,109059.23,109059.23,107650.94,107779.7,1936.39331,-0.011732341382966083,0.00410406773566718,20.317247202237525,2.739071803692259,-0.011732341382966083,0
2025-10-21 05:00:00,107779.71,107979.46,107473.72,107537.12,1531.85421,-0.0022507021266527927,0.004070374768902382,19.71594982525569,-0.208913704623365,-0.0022507021266527927,1
2025-10-21 06:00:00,107537.12,108200.0,107499.19,107909.79,754.26623,0.0034655010288540122,0.00420884934909488,26.365619620546283,-0.5076122616133294,0.0034655010288540122,1
2025-10-21 07:00:00,107909.79,108200.0,107645.21,108086.37,707.81305,0.0016363668208416726,0.004376701346368807,30.54036094934358,-0.06158724619024769,0.0016363668208416726,0
2025-10-21 08:00:00,108086.38,108098.72,107484.22,107695.79,804.21106,-0.0036135916119673928,0.0041114628267738375,19.86235027054427,0.13619134318023662,-0.0036135916119673928,1
2025-10-21 09:00:00,107695.79,107866.72,107540.09,107754.27,543.10308,0.0005430110127797594,0.004248151091367375,21.25069540695759,-0.3246759376823293,0.0005430110127797594,1
2025-10-21 10:00:00,107754.27,108811.47,107580.0,108499.56,1096.0073,0.0069165704523819205,0.0051931298929200785,27.499696164663987,1.018046555729347,0.0069165704523819205,1
2025-10-21 11:00:00,108499.56,108639.76,108169.81,108580.01,546.40513,0.000741477661291956,0.005088031295548049,31.332538889088724,-0.5014584939352138,0.000741477661291956,1
2025-10-21 12:00:00,108580.0,109485.78,108466.48,108793.4,1229.63283,0.0019652788759183526,0.005121935855127162,31.10569658498872,1.250404987961954,0.0019652788759183526,0
2025-10-21 13:00:00,108793.39,108913.68,107922.06,108426.98,1261.1868,-0.003368035193311303,0.005067363337757528,30.50401661092735,0.025661294355649122,-0.003368035193311303,1
2025-10-21 14:00:00,108426.98,112290.31,108408.0,112170.52,3335.7283,0.034525908588434406,0.011176429546522407,59.516593297666525,1.644912157342592,0.034525908588434406,1
2025-10-21 15:00:00,112170.52,113557.62,111716.91,113422.61,4175.55944,0.01116238027602967,0.011140234776100724,68.29930615810746,0.251768448887159,0.01116238027602967,0
2025-10-21 16:00:00,113422.6,114000.0,112465.33,112565.88,2654.63776,-0.007553432247767833,0.01187338538127595,64.9059704787651,-0.36424381016594987,-0.007553432247767833,0
2025-10-21 17:00:00,112565.88,112993.67,111813.18,111973.42,5531.17962,-0.005263228964229705,0.012239892344199197,64.0500521657101,1.0835911035937347,-0.005263228964229705,1
2025-10-21 18:00:00,111973.41,112297.14,111324.29,111990.55,1962.19243,0.00015298273465269574,0.012049525377179687,73.1152267304075,-0.6452488321107894,0.00015298273465269574,0
2025-10-21 19:00:00,111990.55,112200.0,111562.94,111780.39,583.46835,-0.0018765869084490516,0.012150134503096145,73.37639943708194,-0.7026446840384559,-0.0018765869084490516,0
2025-10-21 20:00:00,111780.4,111801.41,110554.22,110787.56,1166.16267,-0.008881969368688014,0.01270567028337249,64.83978659517686,0.9986733984799689,-0.008881969368688014,1
2025-10-21 21:00:00,110787.56,111111.0,110111.0,110816.32,986.90737,0.000259595932972978,0.01271256196480612,64.29546170988374,-0.15371380392411282,0.000259595932972978,0
2025-10-21 22:00:00,110816.33,110816.33,108271.68,109066.98,2484.48697,-0.01578594199843497,0.01391760505918761,56.285785274983276,1.5174469717456867,-0.01578594199843497,0
2025-10-21 23:00:00,109066.98,109423.19,108045.81,108297.67,1531.00726,-0.007053555530738942,0.014074537796123783,52.3386326271759,-0.38377327855335863,-0.007053555530738942,0
2025-10-22 00:00:00,108297.66,108643.61,107841.2,107986.14,1537.60176,-0.002876608517985657,0.007124507581389173,47.70469611425933,0.004307295054890803,-0.002876608517985657,1
2025-10-22 01:00:00,107986.15,108460.02,107986.14,108364.21,1493.26761,0.003501097455655078,0.005585952140038976,49.06024860294186,-0.028833311168946607,0.003501097455655078,0
2025-10-22 02:00:00,108364.22,108678.21,108198.85,108198.85,699.65823,-0.0015259650764768429,0.005549468467626569,47.40001731712548,-0.531458242772707,-0.0015259650764768429,1
2025-10-22 03:00:00,108198.85,108219.12,107860.92,108216.02,1121.03699,0.00015868930215057198,0.005668862104732054,49.04839920314834,0.6022637080964517,0.00015868930215057198,1
2025-10-22 04:00:00,108216.03,108635.92,108162.09,108625.6,696.45277,0.0037848370324466973,0.0060263406065705245,27.13108281762011,-0.37874238208678557,0.0037848370324466973,0
2025-10-22 05:00:00,108625.61,108638.99,107879.93,108166.81,1434.44211,-0.004223590019295731,0.006022145881938781,12.227728891688116,1.0596401820614485,-0.004223590019295731,0
2025-10-22 06:00:00,108166.82,108331.75,107945.5,107980.02,675.25677,-0.001726869822637811,0.005696808994901552,13.53065236474471,-0.5292547776640495,-0.001726869822637811,1
2025-10-22 07:00:00,107980.02,108321.64,107610.0,108321.63,1077.00799,0.0031636408291089158,0.005925316870342825,19.752072002777297,0.5949606695538945,0.0031636408291089158,0
2025-10-22 08:00:00,108321.64,108358.76,108079.86,108229.3,505.66169,-0.0008523690051562838,0.0035381505845460855,19.22874912253063,-0.5304940216831632,-0.0008523690051562838,0
2025-10-22 09:00:00,108229.3,108274.43,107773.89,107963.13,557.31037,-0.002459315545790264,0.002865140941226962,19.054127672778307,0.10214078112186042,-0.002459315545790264,0
2025-10-22 10:00:00,107963.12,108114.8,107650.0,107657.98,497.00462,-0.0028264278740345317,0.0028601774348449406,21.44522952716821,-0.10820855531541618,-0.0028264278740345317,0
2025-10-22 11:00:00,107657.98,108207.99,106708.18,107555.05,2452.68318,-0.0009560833298190019,0.0025301603003455167,20.641036489911357,3.9349303433034484,-0.0009560833298190019,1
2025-10-22 12:00:00,107555.04,108399.0,107443.01,108044.96,841.76229,0.004554969757347482,0.003007652433094929,38.10138077152473,-0.6567994199723749,0.004554969757347482,1
2025-10-22 13:00:00,108044.96,109014.34,107630.39,108783.36,1889.17586,0.006834191988224214,0.0037339928595634827,55.695519713499095,1.2443103978915473,0.006834191988224214,1
2025-10-22 14:00:00,108783.35,108998.0,107500.0,108947.5,3240.71769,0.0015088704743078107,0.003579685761599829,61.67719366415714,0.7154134554736475,0.0015088704743078107,0
2025-10-22 15:00:00,108947.49,109163.88,107737.04,108416.5,1954.01743,-0.004873907157116997,0.003675651447690656,50.61239117128241,-0.3970417614500694,-0.004873907157116997,0
2025-10-22 16:00:00,108416.5,108796.42,107877.27,108226.0,1590.12287,-0.0017571126166220363,0.0036774585292728775,50.316104198957106,-0.18622892222614418,-0.0017571126166220363,0
2025-10-22 17:00:00,108226.0,108339.89,107566.65,107778.45,913.68528,-0.0041353279248979025,0.0037548320936228287,45.36948262894367,-0.4253995730531188,-0.0041353279248979025,1
2025-10-22 18:00:00,107778.45,108200.0,107463.29,108023.33,668.80381,0.0022720683030792443,0.0038506772580854717,43.39637950492689,-0.26801512004220973,0.0022720683030792443,0
2025-10-22 19:00:00,108023.33,108411.61,107685.61,107870.35,835.44242,-0.001416175561334776,0.003795924978164036,46.51579328388168,0.24915918167392004,-0.001416175561334776,0
2025-10-22 20:00:00,107870.35,108069.93,107500.0,107696.03,1003.6717,-0.0016160140390756306,0.003717080013618987,46.65253767780405,0.20136549925247982,-0.0016160140390756306,0
2025-10-22 21:00:00,107696.03,107749.02,106666.69,107207.98,1548.13803,-0.004531736220917404,0.0039859654526624546,37.31117446111997,0.5424745262818511,-0.004531736220917404,0
2025-10-22 22:00:00,107207.98,107683.25,106917.57,107196.82,742.32871,-0.0001040967286203287,0.003607692255211505,38.01432040738588,-0.5205022448805808,-0.0001040967286203287,1
2025-10-22 23:00:00,107196.82,107946.15,107169.69,107567.44,635.53433,0.0034573786797034156,0.0029052666482325897,45.51533574048419,-0.14386400332003868,0.0034573786797034156,1
2025-10-23 00:00:00,107567.45,107980.52,107500.0,107845.3,396.0602,0.002583123666417997,0.0030304213777725525,52.1362589237211,-0.3768075439764206,0.002583123666417997,1
2025-10-23 01:00:00,107845.3,108500.0,107813.2,108150.0,1012.18554,0.0028253433390235116,0.0029161787372092747,56.48649061161498,1.5556355826715231,0.0028253433390235116,1
2025-10-23 02:00:00,108150.01,108410.3,108058.66,108410.29,360.75702,0.002406749884419801,0.002972569843785628,54.1929782275111,-0.6435860761259244,0.002406749884419801,0
2025-10-23 03:00:00,108410.29,108720.39,108323.59,108377.96,604.50041,-0.00029821892368320224,0.0025756310630042204,44.44715344686797,0.6756442050663352,-0.00029821892368320224,1
2025-10-23 04:00:00,108377.96,108940.33,108350.36,108644.32,394.82009,0.002457695273097915,0.002589987197936577,45.96040078861505,-0.3468654719357428,0.002457695273097915,1
2025-10-23 05:00:00,108644.31,108991.81,108622.05,108940.58,448.44483,0.0027268797853399196,0.002567099042380512,57.448846741824866,0.1358206974726135,0.0027268797853399196,1
2025-10-23 06:00:00,108940.58,110298.29,108849.07,110246.94,1472.3024,0.0119914911413177,0.004150176975966111,71.80688518058825,2.2831293873986684,0.0119914911413177,0
2025-10-23 07:00:00,110246.93,110273.48,109207.75,109269.9,999.21853,-0.008862286790000784,0.005071818531948291,64.44304996292965,-0.3213224878258706,-0.008862286790000784,1
2025-10-23 08:00:00,109269.9,109903.83,109245.48,109505.44,737.41671,0.002155579898947435,0.005021788189902743,64.37861257639386,-0.2620065702744724,0.002155579898947435,0
2025-10-23 09:00:00,109505.45,109545.76,109123.01,109426.99,503.07972,-0.0007164027650132798,0.005073714653834056,65.32325065837011,-0.31778095996766875,-0.0007164027650132798,1
2025-10-23 10:00:00,109427.0,109701.9,109370.05,109439.2,401.4903,0.0001115812470031674,0.005087555392358577,67.72512166383356,-0.2019350332786224,0.0001115812470031674,0
2025-10-23 11:00:00,109439.2,109655.89,109100.4,109253.89,562.0243,-0.0016932689566443448,0.005154991596790453,72.16832195952114,0.3998452764612248,-0.0016932689566443448,0
2025-10-23 12:00:00,109253.88,109253.89,108685.72,109164.94,953.31213,-0.000814158653755892,0.0051598932846305045,70.9718942601479,0.6962115872925778,-0.000814158653755892,1
2025-10-23 13:00:00,109164.95,109650.01,108800.01,109500.62,1286.55668,0.003074979934033717,0.0051970825107208385,70.75412145108791,0.34956499504522176,0.003074979934033717,1
2025-10-23 14:00:00,109500.62,109851.62,108723.13,109594.9,1111.45274,0.0008609996911432827,0.005173269810423799,69.55402167282699,-0.13610277939717352,0.0008609996911432827,1
2025-10-23 15:00:00,109594.9,110109.99,109486.38,109908.28,933.2687,0.002859439627209026,0.005178685005646364,69.6129786453418,-0.1603163441749219,0.002859439627209026,1
2025-10-23 16:00:00,109908.29,110576.5,109647.34,110263.74,883.87893,0.003234151239560834,0.003591206307042145,70.24473469758617,-0.05292127551261494,0.003234151239560834,1
2025-10-23 17:00:00,110263.74,111293.61,109650.0,111241.71,1605.70962,0.008869370837593538,0.003055203204706972,75.92450097296647,0.8166624019423114,0.008869370837593538,0
2025-10-23 18:00:00,111241.71,111289.36,110261.48,110571.66,761.73368,-0.00602337019091137,0.003920078379294066,66.2591489029874,-0.5256093190747653,-0.00602337019091137,0
2025-10-23 19:00:00,110571.66,110619.9,110106.0,110200.0,388.99846,-0.0033612591146773285,0.00413054947574283,60.49107514721806,-0.48932485169882467,-0.0033612591146773285,0
2025-10-23 20:00:00,110200.01,110200.01,109341.28,109524.81,629.20848,-0.0061269509981851655,0.004667498211128807,43.277721613613785,0.6175089227859667,-0.0061269509981851655,1
2025-10-23 21:00:00,109524.81,109727.22,109380.12,109532.97,424.08473,7.450366725136881e-05,0.00462582894132293,52.98787676397023,-0.3260028377239925,7.450366725136881e-05,1
2025-10-23 22:00:00,109532.96,110158.37,109517.37,109943.94,443.21336,0.003752020966837577,0.004731648381639181,54.78950219743298,0.04510567970697754,0.003752020966837577,1
2025-10-23 23:00:00,109943.95,110099.17,109839.0,110078.18,259.37538,0.001220985895175275,0.004665034755630785,57.02696228112189,-0.4147843828534411,0.001220985895175275,1
2025-10-24 00:00:00,110078.19,110709.22,109983.93,110500.28,531.07612,0.0038345474098500087,0.004781371252724919,60.51949081951714,1.0475193906221936,0.0038345474098500087,1
2025-10-24 01:00:00,110500.29,110665.53,110141.38,110585.08,371.9999,0.0007674188698889584,0.004728345103715423,63.465705285594346,-0.29953562965700653,0.0007674188698889584,0
2025-10-24 02:00:00,110585.09,110829.67,110358.34,110570.12,303.69215,-0.00013528045555522006,0.004640934928124308,64.43015876257417,-0.18362303323199813,-0.00013528045555522006,0
2025-10-24 03:00:00,110570.13,110630.81,110274.85,110441.46,332.11629,-0.0011636055021011504,0.003531282197852181,60.090778827245465,0.09359524110188544,-0.0011636055021011504,1
2025-10-24 04:00:00,110441.46,111470.32,110332.0,111178.55,958.63918,0.0066740334653307976,0.003690138640237455,64.9268854540211,1.88645636743684,0.0066740334653307976,1
2025-10-24 05:00:00,111178.54,111310.31,110941.02,111261.36,515.30958,0.0007448379206240752,0.0034250420155335594,63.333149393217596,-0.46245720939551005,0.0007448379206240752,1
2025-10-24 06:00:00,111261.37,111488.0,111120.71,111464.36,480.6909,0.0018245327937749245,0.0023501901303517167,62.19730741236269,-0.06718035399225453,0.0018245327937749245,0
2025-10-24 07:00:00,111464.36,111522.3,110768.23,111054.61,750.55477,-0.0036760629137421175,0.0028869292717094873,47.851124627726534,0.5614083187345547,-0.0036760629137421175,1
2025-10-24 08:00:00,111054.61,111226.02,110680.01,111097.8,627.57826,0.0003889077634868787,0.002774150197202682,57.05928760396963,-0.16384748310906072,0.0003889077634868787,1
2025-10-24 09:00:00,111097.79,111482.99,111000.0,111324.51,446.13074,0.0020406344680092836,0.002791880068665515,65.69829937740083,-0.2891233357892289,0.0020406344680092836,0
2025-10-24 10:00:00,111324.51,111325.42,111069.46,111114.03,346.40996,-0.001890688762070436,0.0027625161319739353,75.4934358273371,-0.22352366931720502,-0.001890688762070436,0
2025-10-24 11:00:00,111114.03,111267.99,110600.0,111066.29,561.52762,-0.00042964871312833885,0.002778298695644426,74.28829399618563,0.6209915557855206,-0.00042964871312833885,1
2025-10-24 12:00:00,111066.29,112104.98,110867.15,111297.01,1692.92113,0.0020773179692956667,0.0028154471125522223,72.73112137723031,2.014849260665041,0.0020773179692956667,0
2025-10-24 13:00:00,111297.02,111451.47,110379.51,110937.94,1200.08389,-0.003226232223129788,0.003031106954709522,63.42921763876961,-0.29111647983270184,-0.003226232223129788,0
2025-10-24 14:00:00,110937.94,110937.95,109700.01,110219.17,1902.54077,-0.006479027824024874,0.002881621933086145,45.981559573827795,0.5853398132025587,-0.006479027824024874,0
2025-10-24 15:00:00,110219.17,110620.0,109896.51,110046.91,737.57678,-0.0015628860206441386,0.002830546724809744,42.494581907170016,-0.6123201186379832,-0.0015628860206441386,1
2025-10-24 16:00:00,110046.92,110387.79,109797.13,110261.81,441.40283,0.001952803581672491,0.0028454898087884447,45.92737408011756,-0.4015499918530515,0.001952803581672491,0
2025-10-24 17:00:00,110261.81,110571.18,110180.74,110235.22,368.64619,-0.00024115330593610373,0.002701006505790039,47.200169423237845,-0.16483047922461214,-0.00024115330593610373,1
2025-10-24 18:00:00,110235.22,110639.04,110166.0,110619.39,336.10914,0.003485002343171173,0.003004773312772662,41.604607586247255,-0.08826091488969401,0.003485002343171173,0
2025-10-24 19:00:00,110619.39,110945.39,110525.06,110615.07,323.90966,-3.9052827899288545e-05,0.0028845397082872966,40.062183431725586,-0.03629618641135446,-3.9052827899288545e-05,1
2025-10-24 20:00:00,110615.07,111025.95,110478.0,110893.7,514.0647,0.0025189153702112055,0.0030058135473171274,41.42457848688713,0.5870619604243976,0.0025189153702112055,1
2025-10-24 21:00:00,110893.69,111100.0,110646.64,111085.57,915.59401,0.0017302155126937002,0.0030640663020896123,50.49784204105375,0.7810871082959012,0.0017302155126937002,0
2025-10-24 22:00:00,111085.57,111138.62,110927.23,111023.01,203.9224,-0.0005631694557629574,0.0029798439714120756,48.804809526787125,-0.7772785778709933,-0.0005631694557629574,0
2025-10-24 23:00:00,111023.01,111123.87,110882.05,111004.89,142.67216,-0.00016320941037351044,0.002790467795624604,44.52742962789424,-0.3003605292993806,-0.00016320941037351044,0
2025-10-25 00:00:00,111004.9,111044.86,110672.86,110766.6,210.6583,-0.002146662187584636,0.0018342610722221302,44.107380910981554,0.47652001623862716,-0.002146662187584636,1
2025-10-25 01:00:00,110766.61,111226.67,110750.0,111070.31,235.37952,0.002741891508812211,0.0018019504178852285,50.06273447377928,0.11735222395699574,0.002741891508812211,0
2025-10-25 02:00:00,111070.31,111128.91,110950.02,111025.77,134.00021,-0.0004010072538735976,0.0018068740008414502,45.50599774649188,-0.4307057385451376,-0.0004010072538735976,1
2025-10-25 03:00:00,111025.77,111136.65,110998.21,111029.99,249.3111,3.8009193721322276e-05,0.001792954723557296,51.728346382499105,0.860527681262589,3.8009193721322276e-05,1
2025-10-25 04:00:00,111029.99,111458.81,111029.99,111228.0,411.01306,0.0017833920366920886,0.0015680318207889413,73.54669753802017,0.6485951086814825,0.0017833920366920886,1
2025-10-25 05:00:00,111228.0,111433.54,111093.99,111386.79,235.19046,0.001427608156219673,0.0015753947037388891,81.47149460655241,-0.42777862095185004,0.001427608156219673,0
2025-10-25 06:00:00,111386.78,111497.1,111261.01,111366.42,334.48878,-0.000182876263872922,0.0014552389917585192,78.55484724815113,0.4222038597994153,-0.000182876263872922,1
2025-10-25 07:00:00,111366.43,111820.87,111366.43,111489.6,436.39799,0.0011060784750018815,0.0014056466241849058,80.88419228024148,0.3046715348718123,0.0011060784750018815,1
2025-10-25 08:00:00,111489.59,111805.1,111488.44,111763.8,348.94057,0.0024594222241356434,0.0015055487671763637,79.78977618758964,-0.20040747667055026,0.0024594222241356434,0
2025-10-25 09:00:00,111763.81,111850.13,111491.62,111521.47,474.02907,-0.0021682333635757445,0.0017430635059345408,70.99294985177379,0.35848081522879394,-0.0021682333635757445,1
2025-10-25 10:00:00,111521.47,111718.99,111375.81,111559.94,382.43284,0.00034495599815898004,0.0014874829615731562,67.36211731054871,-0.1932291409891802,0.00034495599815898004,1
2025-10-25 11:00:00,111559.94,111664.0,111480.68,111563.81,172.78406,3.468987165100579e-05,0.0013138018432984977,63.81669420862934,-0.5481976390939648,3.468987165100579e-05,1
2025-10-25 12:00:00,111563.81,111943.19,111530.38,111899.03,363.41104,0.00300473782671995,0.001498766887231804,71.86420541850273,1.1032671648067534,0.00300473782671995,0
2025-10-25 13:00:00,111899.03,111916.0,111520.0,111680.91,355.08597,-0.0019492572902553018,0.001723661600012505,65.34094003553093,-0.02290813729819552,-0.0019492572902553018,0
2025-10-25 14:00:00,111680.92,111765.97,111520.01,111591.19,216.60101,-0.0008033602161729991,0.001718099629062425,70.06545808444798,-0.3900040319813255,-0.0008033602161729991,0
2025-10-25 15:00:00,111591.2,111591.2,111311.19,111385.18,318.98695,-0.001846113479030076,0.0017953217275660225,58.04450576080695,0.4726937330532299,-0.001846113479030076,0
2025-10-25 16:00:00,111385.18,111479.99,111164.39,111372.25,430.41077,-0.00011608366570847739,0.001794689881251608,58.99742396500226,0.3493052615475336,-0.00011608366570847739,1
2025-10-25 17:00:00,111372.25,111451.16,111300.0,111374.96,134.57742,2.433281180902469e-05,0.001753182219303211,58.96524301776811,-0.6873279448839071,2.433281180902469e-05,1
2025-10-25 18:00:00,111374.97,111731.78,111317.34,111719.98,227.92326,0.003097823783730025,0.0018648626355072544,61.87818092225446,0.6936218572179496,0.003097823783730025,0
2025-10-25 19:00:00,111719.98,111720.0,111579.75,111623.45,170.60799,-0.0008640352423979758,0.0017407804662136117,55.89093334887476,-0.2514674017912871,-0.0008640352423979758,0
2025-10-25 20:00:00,111623.46,111659.39,111370.0,111431.94,154.33849,-0.001715678918721819,0.0018274181487921467,51.502876383957926,-0.09536188779904153,-0.001715678918721819,1
2025-10-25 21:00:00,111431.94,111477.76,111342.25,111477.76,133.46965,0.0004111926975334246,0.001834669991121065,49.71842508266668,-0.13521474779233622,0.0004111926975334246,1
2025-10-25 22:00:00,111477.76,111683.64,111409.54,111621.69,159.63737,0.001291109545078939,0.0015769075246843687,46.397152403850725,0.19605745575866873,0.001291109545078939,1
2025-10-25 23:00:00,111621.69,111675.49,111535.48,111646.27,118.29276,0.00022020809754819126,0.0014617231821551526,53.556690453506754,-0.2589907989589154,0.00022020809754819126,1
2025-10-26 00:00:00,111646.27,111899.56,111544.15,111715.98,370.92714,0.0006243827044110084,0.0014474564013838747,54.369203888288276,2.1356706868619857,0.0006243827044110084,0
2025-10-26 01:00:00,111715.98,111835.85,111520.0,111644.42,270.69687,-0.000640552945066597,0.0013098447356935927,52.174687191046374,-0.2702155199535953,-0.000640552945066597,0
2025-10-26 02:00:00,111644.41,111687.37,111408.54,111448.85,214.46307,-0.0017517221192066001,0.0014526547777122555,36.86541558684259,-0.20773716371378803,-0.0017517221192066001,0
2025-10-26 03:00:00,111448.85,111500.0,111260.45,111260.46,170.69475,-0.0016903718611721574,0.0015561222249461865,37.516256034462565,-0.20408324845858072,-0.0016903718611721574,1
2025-10-26 04:00:00,111260.46,111479.99,111260.46,111430.4,129.38461,0.0015274069512205557,0.0012456083374541244,45.443002816764,-0.24201177833530318,0.0015274069512205557,1
2025-10-26 05:00:00,111430.39,111650.9,111367.19,111615.32,209.94274,0.0016595112285338054,0.0013597659765105454,56.60138143054323,0.6226252875052138,0.0016595112285338054,1
2025-10-26 06:00:00,111615.33,111686.65,111548.75,111635.95,156.20448,0.00018483125793111732,0.0012199548390911452,57.53075701625222,-0.25596626966000346,0.00018483125793111732,1
2025-10-26 07:00:00,111635.96,111724.96,111620.02,111723.98,169.97811,0.0007885452670040038,0.0012335373463723575,59.50417724093306,0.088176920405868,0.0007885452670040038,1
2025-10-26 08:00:00,111723.98,111850.0,111723.98,111776.94,240.40616,0.0004740253614310408,0.0011807342980349955,51.844464016938595,0.41433599891186,0.0004740253614310408,1
2025-10-26 09:00:00,111776.94,112779.81,111708.63,112528.83,1330.29795,0.006726700516224593,0.002396683102884819,70.58205725048768,4.53354352484146,0.006726700516224593,0
2025-10-26 10:00:00,112528.82,112571.26,112189.33,112477.1,337.77399,-0.00045970441530407413,0.0024293166445813605,75.37214880074654,-0.7460914752217727,-0.00045970441530407413,1
2025-10-26 11:00:00,112477.11,113466.23,112430.56,113286.09,1079.09408,0.007192486292765254,0.0031201483960250345,82.03044462431409,2.194722246079398,0.007192486292765254,1
2025-10-26 12:00:00,113286.09,113827.02,113279.85,113611.85,944.52717,0.0028755516233283096,0.0029272197932054766,83.1178902101527,-0.1247035939628175,0.0028755516233283096,0
